target,model,budget,n,positives,prevalence,auroc,average_precision,false_positive_days,true_positive_days,false_negative_days,false_positive_rate,recall,precision,time_under_warning,alarm_episodes,false_alarm_episodes,within_year_auroc,within_year_ap,years_with_both_classes,ap_lift
loss10,VIX,0.01,4510,197,0.04368070953436807,0.7439684768395867,0.21984181800966585,350,68,129,0.0811500115928588,0.34517766497461927,0.16267942583732056,0.09268292682926829,53,48,0.5957558554878133,0.2470931117882754,9,5.032926899612147
loss10,VIX,0.05,4510,197,0.04368070953436807,0.7439684768395867,0.21984181800966585,688,79,118,0.15951773707396244,0.4010152284263959,0.10299869621903521,0.17006651884700666,78,73,0.5957558554878133,0.2470931117882754,9,5.032926899612147
loss10,VIX,0.1,4510,197,0.04368070953436807,0.7439684768395867,0.21984181800966585,1019,118,79,0.2362624623232089,0.5989847715736041,0.10378188214599825,0.25210643015521067,95,86,0.5957558554878133,0.2470931117882754,9,5.032926899612147
loss10,combined,0.01,4510,197,0.04368070953436807,0.7537559097098725,0.18046091259876101,331,58,139,0.07674472524924647,0.29441624365482233,0.14910025706940874,0.08625277161862528,57,50,0.5932272238199987,0.20953523492403028,9,4.131364039697524
loss10,combined,0.05,4510,197,0.04368070953436807,0.7537559097098725,0.18046091259876101,579,70,127,0.13424530489218642,0.3553299492385787,0.10785824345146379,0.14390243902439023,74,67,0.5932272238199987,0.20953523492403028,9,4.131364039697524
loss10,combined,0.1,4510,197,0.04368070953436807,0.7537559097098725,0.18046091259876101,828,99,98,0.19197774171110596,0.5025380710659898,0.10679611650485436,0.20554323725055432,73,63,0.5932272238199987,0.20953523492403028,9,4.131364039697524
loss10,combined_correlation,0.01,4510,197,0.04368070953436807,0.7424831785853417,0.1532708109005228,305,52,145,0.07071643867377696,0.2639593908629442,0.14565826330532214,0.07915742793791575,47,43,0.5903234402637724,0.2165414233121807,9,3.508890137874913
loss10,combined_correlation,0.05,4510,197,0.04368070953436807,0.7424831785853417,0.1532708109005228,537,65,132,0.12450730350104336,0.3299492385786802,0.1079734219269103,0.13348115299334812,63,57,0.5903234402637724,0.2165414233121807,9,3.508890137874913
loss10,combined_correlation,0.1,4510,197,0.04368070953436807,0.7424831785853417,0.1532708109005228,795,99,98,0.18432645490377927,0.5025380710659898,0.11073825503355705,0.1982261640798226,102,88,0.5903234402637724,0.2165414233121807,9,3.508890137874913
loss10,combined_ews,0.01,4510,197,0.04368070953436807,0.7734002149092403,0.15747318818209927,418,74,123,0.09691629955947137,0.3756345177664975,0.15040650406504066,0.10909090909090909,41,33,0.6520891185787683,0.20544245304862957,9,3.6050968461993285
loss10,combined_ews,0.05,4510,197,0.04368070953436807,0.7734002149092403,0.15747318818209927,614,87,110,0.1423603060514723,0.4416243654822335,0.12410841654778887,0.15543237250554323,40,33,0.6520891185787683,0.20544245304862957,9,3.6050968461993285
loss10,combined_ews,0.1,4510,197,0.04368070953436807,0.7734002149092403,0.15747318818209927,734,107,90,0.17018316716902387,0.5431472081218274,0.1272294887039239,0.18647450110864744,42,34,0.6520891185787683,0.20544245304862957,9,3.6050968461993285
loss10,combined_ews_correlation,0.01,4510,197,0.04368070953436807,0.7458139187275867,0.15053995383708008,426,66,131,0.09877115696730814,0.3350253807106599,0.13414634146341464,0.10909090909090909,37,30,0.6440973013762734,0.22905027325678487,9,3.44637153200625
loss10,combined_ews_correlation,0.05,4510,197,0.04368070953436807,0.7458139187275867,0.15053995383708008,638,87,110,0.1479248782749826,0.4416243654822335,0.12,0.1607538802660754,44,38,0.6440973013762734,0.22905027325678487,9,3.44637153200625
loss10,combined_ews_correlation,0.1,4510,197,0.04368070953436807,0.7458139187275867,0.15053995383708008,741,93,104,0.17180616740088106,0.4720812182741117,0.11151079136690648,0.18492239467849225,45,39,0.6440973013762734,0.22905027325678487,9,3.44637153200625
loss10,combined_z,0.01,4510,197,0.04368070953436807,0.7635468734000972,0.17907323448561352,371,68,129,0.08601901228843033,0.34517766497461927,0.1548974943052392,0.09733924611973392,60,51,0.6001529213018431,0.2090400567162877,9,4.0995953681731825
loss10,combined_z,0.05,4510,197,0.04368070953436807,0.7635468734000972,0.17907323448561352,561,79,118,0.13007187572455367,0.4010152284263959,0.1234375,0.1419068736141907,80,72,0.6001529213018431,0.2090400567162877,9,4.0995953681731825
loss10,combined_z,0.1,4510,197,0.04368070953436807,0.7635468734000972,0.17907323448561352,814,115,82,0.18873174124739162,0.583756345177665,0.12378902045209902,0.20598669623059868,92,76,0.6001529213018431,0.2090400567162877,9,4.0995953681731825
loss10,combined_z_correlation,0.01,4510,197,0.04368070953436807,0.7491093506704438,0.15193227868934311,276,53,144,0.06399258057036865,0.26903553299492383,0.16109422492401215,0.0729490022172949,66,61,0.5998910277183067,0.2191661607393032,9,3.478246583192576
loss10,combined_z_correlation,0.05,4510,197,0.04368070953436807,0.7491093506704438,0.15193227868934311,533,68,129,0.12357987479712497,0.34517766497461927,0.11314475873544093,0.13325942350332595,107,96,0.5998910277183067,0.2191661607393032,9,3.478246583192576
loss10,combined_z_correlation,0.1,4510,197,0.04368070953436807,0.7491093506704438,0.15193227868934311,788,106,91,0.1827034546719221,0.5380710659898477,0.1185682326621924,0.1982261640798226,120,103,0.5998910277183067,0.2191661607393032,9,3.478246583192576
loss10,market,0.01,4510,197,0.04368070953436807,0.7592110265152807,0.178125932021353,446,62,135,0.10340830048690007,0.3147208121827411,0.1220472440944882,0.11263858093126386,45,40,0.5860480432025895,0.20887842869678833,9,4.077908392976153
loss10,market,0.05,4510,197,0.04368070953436807,0.7592110265152807,0.178125932021353,667,81,116,0.1546487363783909,0.41116751269035534,0.10828877005347594,0.16585365853658537,53,47,0.5860480432025895,0.20887842869678833,9,4.077908392976153
loss10,market,0.1,4510,197,0.04368070953436807,0.7592110265152807,0.178125932021353,902,115,82,0.2091351727335961,0.583756345177665,0.11307767944936087,0.22549889135254989,64,50,0.5860480432025895,0.20887842869678833,9,4.077908392976153
loss10,market_correlation,0.01,4510,197,0.04368070953436807,0.7407318918957091,0.14783464880673908,312,54,143,0.07233943890563413,0.27411167512690354,0.14754098360655737,0.0811529933481153,43,39,0.5797908902519688,0.21450165471651825,9,3.3844378990781383
loss10,market_correlation,0.05,4510,197,0.04368070953436807,0.7407318918957091,0.14783464880673908,534,66,131,0.12381173197310456,0.3350253807106599,0.11,0.13303769401330376,63,58,0.5797908902519688,0.21450165471651825,9,3.3844378990781383
loss10,market_correlation,0.1,4510,197,0.04368070953436807,0.7407318918957091,0.14783464880673908,781,95,102,0.18108045444006493,0.48223350253807107,0.10844748858447488,0.1942350332594235,77,69,0.5797908902519688,0.21450165471651825,9,3.3844378990781383
loss10,topology,0.01,4510,197,0.04368070953436807,0.582455826500216,0.051327049975643226,289,22,175,0.06700672385810341,0.1116751269035533,0.0707395498392283,0.06895787139689578,107,90,0.5679859387272534,0.18194569767552493,9,1.1750507380210709
loss10,topology,0.05,4510,197,0.04368070953436807,0.582455826500216,0.051327049975643226,544,72,125,0.12613030373290054,0.36548223350253806,0.11688311688311688,0.13658536585365855,146,122,0.5679859387272534,0.18194569767552493,9,1.1750507380210709
loss10,topology,0.1,4510,197,0.04368070953436807,0.582455826500216,0.051327049975643226,800,94,103,0.18548574078367724,0.47715736040609136,0.10514541387024609,0.1982261640798226,172,159,0.5679859387272534,0.18194569767552493,9,1.1750507380210709
loss10,topology_ews,0.01,4510,197,0.04368070953436807,0.581161192522665,0.05689889169830458,228,13,184,0.05286343612334802,0.06598984771573604,0.05394190871369295,0.05343680709534368,18,17,0.5877429219538303,0.21149724893566266,9,1.3026091449713384
loss10,topology_ews,0.05,4510,197,0.04368070953436807,0.581161192522665,0.05689889169830458,380,21,176,0.0881057268722467,0.1065989847715736,0.05236907730673317,0.08891352549889135,25,23,0.5877429219538303,0.21149724893566266,9,1.3026091449713384
loss10,topology_ews,0.1,4510,197,0.04368070953436807,0.581161192522665,0.05689889169830458,567,26,171,0.13146301878043126,0.1319796954314721,0.04384485666104553,0.13148558758314857,35,32,0.5877429219538303,0.21149724893566266,9,1.3026091449713384
loss10,topology_z,0.01,4510,197,0.04368070953436807,0.6707851719685852,0.0685177272479146,134,15,182,0.03106886158126594,0.07614213197969544,0.10067114093959731,0.03303769401330377,66,59,0.634047404468408,0.21361018108167157,9,1.5686038065385528
loss10,topology_z,0.05,4510,197,0.04368070953436807,0.6707851719685852,0.0685177272479146,340,37,160,0.07883143983306283,0.18781725888324874,0.09814323607427056,0.0835920177383592,146,129,0.634047404468408,0.21361018108167157,9,1.5686038065385528
loss10,topology_z,0.1,4510,197,0.04368070953436807,0.6707851719685852,0.0685177272479146,607,62,135,0.1407373058196151,0.3147208121827411,0.09267563527653214,0.1483370288248337,200,177,0.634047404468408,0.21361018108167157,9,1.5686038065385528
loss075,VIX,0.01,4510,389,0.08625277161862528,0.6927225216132307,0.22766124210123112,339,85,304,0.0822615869934482,0.2185089974293059,0.20047169811320756,0.09401330376940133,54,46,0.5010527738605722,0.2523842711648768,13,2.6394658145926795
loss075,VIX,0.05,4510,389,0.08625277161862528,0.6927225216132307,0.22766124210123112,649,118,271,0.15748604707595243,0.3033419023136247,0.15384615384615385,0.17006651884700666,78,62,0.5010527738605722,0.2523842711648768,13,2.6394658145926795
loss075,VIX,0.1,4510,389,0.08625277161862528,0.6927225216132307,0.22766124210123112,950,187,202,0.23052657122057754,0.480719794344473,0.1644678979771328,0.25210643015521067,95,76,0.5010527738605722,0.2523842711648768,13,2.6394658145926795
loss075,combined,0.01,4510,389,0.08625277161862528,0.6942477210899843,0.22667752954553452,386,80,309,0.09366658578015045,0.20565552699228792,0.17167381974248927,0.1033259423503326,43,36,0.49612598998643037,0.23949017357738928,13,2.6280608181243204
loss075,combined,0.05,4510,389,0.08625277161862528,0.6942477210899843,0.22667752954553452,621,110,279,0.15069157971366173,0.2827763496143959,0.15047879616963064,0.16208425720620842,67,53,0.49612598998643037,0.23949017357738928,13,2.6280608181243204
loss075,combined,0.1,4510,389,0.08625277161862528,0.6942477210899843,0.22667752954553452,826,176,213,0.20043678718757582,0.4524421593830334,0.17564870259481039,0.2221729490022173,66,48,0.49612598998643037,0.23949017357738928,13,2.6280608181243204
loss075,combined_correlation,0.01,4510,389,0.08625277161862528,0.6851857281252398,0.19868892518555595,320,79,310,0.07765105556903665,0.20308483290488433,0.19799498746867167,0.08847006651884701,49,41,0.50097751891762,0.24202227409090507,13,2.303565687883952
loss075,combined_correlation,0.05,4510,389,0.08625277161862528,0.6851857281252398,0.19868892518555595,627,115,274,0.15214753700558117,0.29562982005141386,0.15498652291105122,0.16452328159645233,88,67,0.50097751891762,0.24202227409090507,13,2.303565687883952
loss075,combined_correlation,0.1,4510,389,0.08625277161862528,0.6851857281252398,0.19868892518555595,777,158,231,0.18854646930356708,0.40616966580976865,0.16898395721925133,0.2073170731707317,94,70,0.50097751891762,0.24202227409090507,13,2.303565687883952
loss075,combined_ews,0.01,4510,389,0.08625277161862528,0.6792134337324219,0.18361429344734115,398,111,278,0.09657850036398932,0.2853470437017995,0.2180746561886051,0.11286031042128603,42,28,0.5224629404664584,0.22164600159417527,13,2.1287929651606903
loss075,combined_ews,0.05,4510,389,0.08625277161862528,0.6792134337324219,0.18361429344734115,582,145,244,0.1412278573161854,0.37275064267352187,0.19944979367262725,0.16119733924611973,48,36,0.5224629404664584,0.22164600159417527,13,2.1287929651606903
loss075,combined_ews,0.1,4510,389,0.08625277161862528,0.6792134337324219,0.18361429344734115,731,168,221,0.1773841300655181,0.4318766066838046,0.18687430478309233,0.1993348115299335,58,46,0.5224629404664584,0.22164600159417527,13,2.1287929651606903
loss075,combined_ews_correlation,0.01,4510,389,0.08625277161862528,0.6668920676527337,0.17945676685265655,351,86,303,0.08517350157728706,0.2210796915167095,0.19679633867276888,0.09689578713968958,41,33,0.5297464321674789,0.24709362037323482,13,2.0805913072120332
loss075,combined_ews_correlation,0.05,4510,389,0.08625277161862528,0.6668920676527337,0.17945676685265655,615,124,265,0.1492356224217423,0.31876606683804626,0.16779431664411368,0.1638580931263858,45,34,0.5297464321674789,0.24709362037323482,13,2.0805913072120332
loss075,combined_ews_correlation,0.1,4510,389,0.08625277161862528,0.6668920676527337,0.17945676685265655,735,141,248,0.17835476826013102,0.36246786632390743,0.16095890410958905,0.1942350332594235,62,49,0.5297464321674789,0.24709362037323482,13,2.0805913072120332
loss075,combined_z,0.01,4510,389,0.08625277161862528,0.7099956396137659,0.23236921076668787,336,97,292,0.08153360834748848,0.2493573264781491,0.22401847575057737,0.09600886917960089,47,38,0.5141010242452866,0.24189553901354077,13,2.694049204518669
loss075,combined_z,0.05,4510,389,0.08625277161862528,0.7099956396137659,0.23236921076668787,534,124,265,0.1295801989808299,0.31876606683804626,0.1884498480243161,0.1458980044345898,62,49,0.5141010242452866,0.24189553901354077,13,2.694049204518669
loss075,combined_z,0.1,4510,389,0.08625277161862528,0.7099956396137659,0.23236921076668787,752,178,211,0.1824799805872361,0.45758354755784064,0.1913978494623656,0.20620842572062084,86,63,0.5141010242452866,0.24189553901354077,13,2.694049204518669
loss075,combined_z_correlation,0.01,4510,389,0.08625277161862528,0.6735786170152377,0.17753624135889218,281,84,305,0.0681873331715603,0.2159383033419023,0.23013698630136986,0.08093126385809313,64,52,0.5395733817445153,0.25342642138329,13,2.0583250604848424
loss075,combined_z_correlation,0.05,4510,389,0.08625277161862528,0.6735786170152377,0.17753624135889218,539,106,283,0.1307934967240961,0.27249357326478146,0.16434108527131783,0.14301552106430154,104,88,0.5395733817445153,0.25342642138329,13,2.0583250604848424
loss075,combined_z_correlation,0.1,4510,389,0.08625277161862528,0.6735786170152377,0.17753624135889218,761,144,245,0.18466391652511527,0.37017994858611825,0.1591160220994475,0.2006651884700665,110,89,0.5395733817445153,0.25342642138329,13,2.0583250604848424
loss075,market,0.01,4510,389,0.08625277161862528,0.7055616445705082,0.23026653416169166,433,97,292,0.1050715845668527,0.2493573264781491,0.1830188679245283,0.11751662971175167,41,29,0.49987541178743994,0.2390767398280769,13,2.6696711287126718
loss075,market,0.05,4510,389,0.08625277161862528,0.7055616445705082,0.23026653416169166,643,131,258,0.156030089784033,0.33676092544987146,0.16925064599483206,0.17161862527716187,61,47,0.49987541178743994,0.2390767398280769,13,2.6696711287126718
loss075,market,0.1,4510,389,0.08625277161862528,0.7055616445705082,0.23026653416169166,862,183,206,0.20917253093909247,0.4704370179948586,0.17511961722488037,0.23170731707317074,69,50,0.49987541178743994,0.2390767398280769,13,2.6696711287126718
loss075,market_correlation,0.01,4510,389,0.08625277161862528,0.6872567556355964,0.20481673665378777,313,70,319,0.07595243872846397,0.17994858611825193,0.18276762402088773,0.08492239467849223,45,40,0.5098788202398015,0.24833117297788693,13,2.3746104943665367
loss075,market_correlation,0.05,4510,389,0.08625277161862528,0.6872567556355964,0.20481673665378777,579,97,292,0.14049987867022568,0.2493573264781491,0.14349112426035504,0.14988913525498893,67,57,0.5098788202398015,0.24833117297788693,13,2.3746104943665367
loss075,market_correlation,0.1,4510,389,0.08625277161862528,0.6872567556355964,0.20481673665378777,766,159,230,0.18587721426838147,0.4087403598971722,0.17189189189189188,0.20509977827050999,82,63,0.5098788202398015,0.24833117297788693,13,2.3746104943665367
loss075,topology,0.01,4510,389,0.08625277161862528,0.6048435843996733,0.10842895901040346,252,38,351,0.061150206260616354,0.09768637532133675,0.1310344827586207,0.06430155210643015,70,49,0.539890057699551,0.26179225330825556,13,1.2571069540794848
loss075,topology,0.05,4510,389,0.08625277161862528,0.6048435843996733,0.10842895901040346,494,112,277,0.11987381703470032,0.2879177377892031,0.1848184818481848,0.1343680709534368,122,84,0.539890057699551,0.26179225330825556,13,1.2571069540794848
loss075,topology,0.1,4510,389,0.08625277161862528,0.6048435843996733,0.10842895901040346,740,167,222,0.17956806600339723,0.42930591259640105,0.18412348401323042,0.20110864745011087,136,105,0.539890057699551,0.26179225330825556,13,1.2571069540794848
loss075,topology_ews,0.01,4510,389,0.08625277161862528,0.5111776224229899,0.0935906509640678,266,9,380,0.06454743994176171,0.02313624678663239,0.03272727272727273,0.06097560975609756,17,15,0.4973355703544854,0.19442168142394378,13,1.0850741281438194
loss075,topology_ews,0.05,4510,389,0.08625277161862528,0.5111776224229899,0.0935906509640678,399,23,366,0.09682115991264256,0.05912596401028278,0.054502369668246446,0.09356984478935698,24,19,0.4973355703544854,0.19442168142394378,13,1.0850741281438194
loss075,topology_ews,0.1,4510,389,0.08625277161862528,0.5111776224229899,0.0935906509640678,564,35,354,0.13685998544042707,0.08997429305912596,0.05843071786310518,0.1328159645232816,30,22,0.4973355703544854,0.19442168142394378,13,1.0850741281438194
loss075,topology_z,0.01,4510,389,0.08625277161862528,0.658080219878246,0.12723360936693429,148,35,354,0.03591361320067945,0.08997429305912596,0.1912568306010929,0.04057649667405765,69,52,0.5805967875456784,0.2852333114489345,13,1.475124879806873
loss075,topology_z,0.05,4510,389,0.08625277161862528,0.658080219878246,0.12723360936693429,329,64,325,0.0798349915069158,0.16452442159383032,0.1628498727735369,0.08713968957871397,120,99,0.5805967875456784,0.2852333114489345,13,1.475124879806873
loss075,topology_z,0.1,4510,389,0.08625277161862528,0.658080219878246,0.12723360936693429,567,113,276,0.1375879640863868,0.29048843187660667,0.1661764705882353,0.15077605321507762,149,114,0.5805967875456784,0.2852333114489345,13,1.475124879806873
loss05,VIX,0.01,4510,805,0.17849223946784923,0.6581505603473568,0.3258534325752654,276,142,663,0.07449392712550608,0.1763975155279503,0.3397129186602871,0.09268292682926829,53,33,0.4918532646476817,0.3342892938626098,17,1.8255887961670147
loss05,VIX,0.05,4510,805,0.17849223946784923,0.6581505603473568,0.3258534325752654,549,232,573,0.14817813765182186,0.28819875776397513,0.2970550576184379,0.17317073170731706,76,46,0.4918532646476817,0.3342892938626098,17,1.8255887961670147
loss05,VIX,0.1,4510,805,0.17849223946784923,0.6581505603473568,0.3258534325752654,774,343,462,0.2089068825910931,0.4260869565217391,0.3070725156669651,0.2476718403547672,89,59,0.4918532646476817,0.3342892938626098,17,1.8255887961670147
loss05,combined,0.01,4510,805,0.17849223946784923,0.6532827050904855,0.3259878546202688,273,143,662,0.07368421052631578,0.17763975155279504,0.34375,0.09223946784922395,54,36,0.5024562217608041,0.33398964332519476,17,1.8263418935868476
loss05,combined,0.05,4510,805,0.17849223946784923,0.6532827050904855,0.3259878546202688,499,227,578,0.13468286099865048,0.2819875776397516,0.31267217630853994,0.16097560975609757,70,42,0.5024562217608041,0.33398964332519476,17,1.8263418935868476
loss05,combined,0.1,4510,805,0.17849223946784923,0.6532827050904855,0.3259878546202688,691,310,495,0.1865047233468286,0.38509316770186336,0.3096903096903097,0.22195121951219512,72,40,0.5024562217608041,0.33398964332519476,17,1.8263418935868476
loss05,combined_correlation,0.01,4510,805,0.17849223946784923,0.6213030905021751,0.2974934083873119,273,138,667,0.07368421052631578,0.17142857142857143,0.3357664233576642,0.09113082039911308,56,36,0.5118086632751523,0.34149617253080977,17,1.6667022010270518
loss05,combined_correlation,0.05,4510,805,0.17849223946784923,0.6213030905021751,0.2974934083873119,505,249,556,0.13630229419703105,0.3093167701863354,0.3302387267904509,0.1671840354767184,86,43,0.5118086632751523,0.34149617253080977,17,1.6667022010270518
loss05,combined_correlation,0.1,4510,805,0.17849223946784923,0.6213030905021751,0.2974934083873119,657,337,468,0.17732793522267207,0.4186335403726708,0.33903420523138833,0.2203991130820399,85,46,0.5118086632751523,0.34149617253080977,17,1.6667022010270518
loss05,combined_ews,0.01,4510,805,0.17849223946784923,0.650571579450298,0.3068489918349621,337,185,620,0.09095816464237517,0.22981366459627328,0.3544061302681992,0.11574279379157427,44,25,0.5087811236035552,0.3251048385906793,17,1.7191167120194772
loss05,combined_ews,0.05,4510,805,0.17849223946784923,0.650571579450298,0.3068489918349621,534,278,527,0.14412955465587043,0.3453416149068323,0.34236453201970446,0.18004434589800444,70,40,0.5087811236035552,0.3251048385906793,17,1.7191167120194772
loss05,combined_ews,0.1,4510,805,0.17849223946784923,0.650571579450298,0.3068489918349621,689,339,466,0.18596491228070175,0.42111801242236024,0.32976653696498054,0.2279379157427938,70,38,0.5087811236035552,0.3251048385906793,17,1.7191167120194772
loss05,combined_ews_correlation,0.01,4510,805,0.17849223946784923,0.6212162513306678,0.2904886513914717,327,156,649,0.08825910931174089,0.1937888198757764,0.32298136645962733,0.10709534368070954,55,35,0.5262492579363206,0.34417480518031024,17,1.6274581587273755
loss05,combined_ews_correlation,0.05,4510,805,0.17849223946784923,0.6212162513306678,0.2904886513914717,541,270,535,0.14601889338731444,0.33540372670807456,0.33292231812577067,0.17982261640798225,77,42,0.5262492579363206,0.34417480518031024,17,1.6274581587273755
loss05,combined_ews_correlation,0.1,4510,805,0.17849223946784923,0.6212162513306678,0.2904886513914717,674,335,470,0.18191632928475035,0.4161490683229814,0.33201189296333,0.2237250554323725,94,54,0.5262492579363206,0.34417480518031024,17,1.6274581587273755
loss05,combined_z,0.01,4510,805,0.17849223946784923,0.6572290257416116,0.33229179680796084,288,158,647,0.07773279352226721,0.19627329192546583,0.3542600896860987,0.09889135254988914,61,40,0.5024130434350627,0.33363075746592874,17,1.8616596318060912
loss05,combined_z,0.05,4510,805,0.17849223946784923,0.6572290257416116,0.33229179680796084,472,255,550,0.12739541160593792,0.3167701863354037,0.35075653370013754,0.16119733924611973,69,41,0.5024130434350627,0.33363075746592874,17,1.8616596318060912
loss05,combined_z,0.1,4510,805,0.17849223946784923,0.6572290257416116,0.33229179680796084,657,324,481,0.17732793522267207,0.40248447204968946,0.3302752293577982,0.21751662971175167,90,53,0.5024130434350627,0.33363075746592874,17,1.8616596318060912
loss05,combined_z_correlation,0.01,4510,805,0.17849223946784923,0.6281006864988559,0.2986480175357874,211,137,668,0.056950067476383266,0.1701863354037267,0.3936781609195402,0.07716186252771619,63,40,0.5408284113377988,0.3614195641635048,17,1.6731708808526722
loss05,combined_z_correlation,0.05,4510,805,0.17849223946784923,0.6281006864988559,0.2986480175357874,404,201,604,0.10904183535762484,0.2496894409937888,0.3322314049586777,0.13414634146341464,92,49,0.5408284113377988,0.3614195641635048,17,1.6731708808526722
loss05,combined_z_correlation,0.1,4510,805,0.17849223946784923,0.6281006864988559,0.2986480175357874,597,302,503,0.16113360323886639,0.37515527950310557,0.3359288097886541,0.1993348115299335,107,66,0.5408284113377988,0.3614195641635048,17,1.6731708808526722
loss05,market,0.01,4510,805,0.17849223946784923,0.6598640413743387,0.32819142677062363,354,155,650,0.09554655870445344,0.19254658385093168,0.3045186640471513,0.11286031042128603,44,26,0.4834386155292122,0.3244037349517303,17,1.8386873723422517
loss05,market,0.05,4510,805,0.17849223946784923,0.6598640413743387,0.32819142677062363,538,264,541,0.14520917678812414,0.3279503105590062,0.32917705735660846,0.1778270509977827,62,36,0.4834386155292122,0.3244037349517303,17,1.8386873723422517
loss05,market,0.1,4510,805,0.17849223946784923,0.6598640413743387,0.32819142677062363,719,338,467,0.19406207827260458,0.41987577639751555,0.3197729422894986,0.2343680709534368,69,40,0.4834386155292122,0.3244037349517303,17,1.8386873723422517
loss05,market_correlation,0.01,4510,805,0.17849223946784923,0.6276906312604253,0.30127882847614523,261,121,684,0.07044534412955465,0.15031055900621118,0.31675392670157065,0.08470066518847007,60,40,0.5179222123880022,0.34280885758246055,17,1.6879099582949255
loss05,market_correlation,0.05,4510,805,0.17849223946784923,0.6276906312604253,0.30127882847614523,501,224,581,0.13522267206477734,0.2782608695652174,0.30896551724137933,0.1607538802660754,83,48,0.5179222123880022,0.34280885758246055,17,1.6879099582949255
loss05,market_correlation,0.1,4510,805,0.17849223946784923,0.6276906312604253,0.30127882847614523,686,317,488,0.18515519568151148,0.3937888198757764,0.3160518444666002,0.22239467849223946,96,58,0.5179222123880022,0.34280885758246055,17,1.6879099582949255
loss05,topology,0.01,4510,805,0.17849223946784923,0.5407709910227072,0.21242297968363494,203,93,712,0.054790823211875846,0.115527950310559,0.3141891891891892,0.06563192904656319,97,53,0.4931222365026337,0.3323276061615243,17,1.1900964451840914
loss05,topology,0.05,4510,805,0.17849223946784923,0.5407709910227072,0.21242297968363494,403,195,610,0.10877192982456141,0.2422360248447205,0.32608695652173914,0.13259423503325943,141,79,0.4931222365026337,0.3323276061615243,17,1.1900964451840914
loss05,topology,0.1,4510,805,0.17849223946784923,0.5407709910227072,0.21242297968363494,577,254,551,0.15573549257759783,0.315527950310559,0.3056558363417569,0.18425720620842573,156,101,0.4931222365026337,0.3323276061615243,17,1.1900964451840914
loss05,topology_ews,0.01,4510,805,0.17849223946784923,0.5010569903018416,0.19660591067027472,268,53,752,0.07233468286099864,0.06583850931677018,0.16510903426791276,0.07117516629711752,12,4,0.49801982839114767,0.3056734753422801,17,1.1014815616434024
loss05,topology_ews,0.05,4510,805,0.17849223946784923,0.5010569903018416,0.19660591067027472,359,80,725,0.09689608636977058,0.09937888198757763,0.18223234624145787,0.09733924611973392,23,11,0.49801982839114767,0.3056734753422801,17,1.1014815616434024
loss05,topology_ews,0.1,4510,805,0.17849223946784923,0.5010569903018416,0.19660591067027472,500,134,671,0.1349527665317139,0.16645962732919253,0.2113564668769716,0.14057649667405764,26,10,0.49801982839114767,0.3056734753422801,17,1.1014815616434024
loss05,topology_z,0.01,4510,805,0.17849223946784923,0.5953509191037795,0.22972397206607145,122,57,748,0.03292847503373819,0.07080745341614907,0.31843575418994413,0.03968957871396896,71,47,0.5390861946738816,0.36855611515673836,17,1.2870249863577419
loss05,topology_z,0.05,4510,805,0.17849223946784923,0.5953509191037795,0.22972397206607145,284,119,686,0.0766531713900135,0.14782608695652175,0.29528535980148884,0.0893569844789357,123,83,0.5390861946738816,0.36855611515673836,17,1.2870249863577419
loss05,topology_z,0.1,4510,805,0.17849223946784923,0.5953509191037795,0.22972397206607145,476,195,610,0.12847503373819164,0.2422360248447205,0.2906110283159464,0.14878048780487804,149,100,0.5390861946738816,0.36855611515673836,17,1.2870249863577419
