basket,year,id,group,columns,C,history,kind,inner_ap,inner_n,inner_positives
credit_bond_ETFs,2010,target_market/C=0.01,target_market,"[""target_volatility"", ""target_momentum""]",0.01,0,lr,0.21182266009852216,203,43
credit_bond_ETFs,2010,target_market/C=0.1,target_market,"[""target_volatility"", ""target_momentum""]",0.1,0,lr,0.21182266009852216,203,43
credit_bond_ETFs,2010,target_market/C=1.0,target_market,"[""target_volatility"", ""target_momentum""]",1.0,0,lr,0.21182266009852216,203,43
credit_bond_ETFs,2010,target_topology/C=0.01,target_topology,"[""h1_entropy_normalized"", ""h1_total_per_asset"", ""w2_per_sqrt_asset""]",0.01,0,lr,0.21182266009852216,203,43
credit_bond_ETFs,2010,target_topology/C=0.1,target_topology,"[""h1_entropy_normalized"", ""h1_total_per_asset"", ""w2_per_sqrt_asset""]",0.1,0,lr,0.21182266009852216,203,43
credit_bond_ETFs,2010,target_topology/C=1.0,target_topology,"[""h1_entropy_normalized"", ""h1_total_per_asset"", ""w2_per_sqrt_asset""]",1.0,0,lr,0.21182266009852216,203,43
credit_bond_ETFs,2010,target_combined/C=0.01,target_combined,"[""target_volatility"", ""target_momentum"", ""h1_entropy_normalized"", ""h1_total_per_asset"", ""w2_per_sqrt_asset""]",0.01,0,lr,0.21182266009852216,203,43
credit_bond_ETFs,2010,target_combined/C=0.1,target_combined,"[""target_volatility"", ""target_momentum"", ""h1_entropy_normalized"", ""h1_total_per_asset"", ""w2_per_sqrt_asset""]",0.1,0,lr,0.21182266009852216,203,43
credit_bond_ETFs,2010,target_combined/C=1.0,target_combined,"[""target_volatility"", ""target_momentum"", ""h1_entropy_normalized"", ""h1_total_per_asset"", ""w2_per_sqrt_asset""]",1.0,0,lr,0.21182266009852216,203,43
credit_bond_ETFs,2010,target_topology_xgb/C=2,target_topology_xgb,"[""h1_entropy_normalized"", ""h1_total_per_asset"", ""w2_per_sqrt_asset""]",2.0,0,xgb,0.21182266009852216,203,43
credit_bond_ETFs,2010,target_topology_xgb/C=3,target_topology_xgb,"[""h1_entropy_normalized"", ""h1_total_per_asset"", ""w2_per_sqrt_asset""]",3.0,0,xgb,0.21182266009852216,203,43
credit_bond_ETFs,2010,target_topology_xgb/C=4,target_topology_xgb,"[""h1_entropy_normalized"", ""h1_total_per_asset"", ""w2_per_sqrt_asset""]",4.0,0,xgb,0.21182266009852216,203,43
credit_bond_ETFs,2011,target_market/C=0.01,target_market,"[""target_volatility"", ""target_momentum""]",0.01,0,lr,0.18831742866638182,354,68
credit_bond_ETFs,2011,target_market/C=0.1,target_market,"[""target_volatility"", ""target_momentum""]",0.1,0,lr,0.18794628020699805,354,68
credit_bond_ETFs,2011,target_market/C=1.0,target_market,"[""target_volatility"", ""target_momentum""]",1.0,0,lr,0.18761212805396046,354,68
credit_bond_ETFs,2011,target_topology/C=0.01,target_topology,"[""h1_entropy_normalized"", ""h1_total_per_asset"", ""w2_per_sqrt_asset""]",0.01,0,lr,0.18677301429046195,354,68
credit_bond_ETFs,2011,target_topology/C=0.1,target_topology,"[""h1_entropy_normalized"", ""h1_total_per_asset"", ""w2_per_sqrt_asset""]",0.1,0,lr,0.18677301429046195,354,68
credit_bond_ETFs,2011,target_topology/C=1.0,target_topology,"[""h1_entropy_normalized"", ""h1_total_per_asset"", ""w2_per_sqrt_asset""]",1.0,0,lr,0.18677301429046195,354,68
credit_bond_ETFs,2011,target_combined/C=0.01,target_combined,"[""target_volatility"", ""target_momentum"", ""h1_entropy_normalized"", ""h1_total_per_asset"", ""w2_per_sqrt_asset""]",0.01,0,lr,0.18831742866638182,354,68
credit_bond_ETFs,2011,target_combined/C=0.1,target_combined,"[""target_volatility"", ""target_momentum"", ""h1_entropy_normalized"", ""h1_total_per_asset"", ""w2_per_sqrt_asset""]",0.1,0,lr,0.1878341789148683,354,68
credit_bond_ETFs,2011,target_combined/C=1.0,target_combined,"[""target_volatility"", ""target_momentum"", ""h1_entropy_normalized"", ""h1_total_per_asset"", ""w2_per_sqrt_asset""]",1.0,0,lr,0.18761212805396046,354,68
credit_bond_ETFs,2011,target_topology_xgb/C=2,target_topology_xgb,"[""h1_entropy_normalized"", ""h1_total_per_asset"", ""w2_per_sqrt_asset""]",2.0,0,xgb,0.18677301429046195,354,68
credit_bond_ETFs,2011,target_topology_xgb/C=3,target_topology_xgb,"[""h1_entropy_normalized"", ""h1_total_per_asset"", ""w2_per_sqrt_asset""]",3.0,0,xgb,0.18677301429046195,354,68
credit_bond_ETFs,2011,target_topology_xgb/C=4,target_topology_xgb,"[""h1_entropy_normalized"", ""h1_total_per_asset"", ""w2_per_sqrt_asset""]",4.0,0,xgb,0.18677301429046195,354,68
credit_bond_ETFs,2012,target_market/C=0.01,target_market,"[""target_volatility"", ""target_momentum""]",0.01,0,lr,0.39845655701479454,505,26
credit_bond_ETFs,2012,target_market/C=0.1,target_market,"[""target_volatility"", ""target_momentum""]",0.1,0,lr,0.39739992134277435,505,26
credit_bond_ETFs,2012,target_market/C=1.0,target_market,"[""target_volatility"", ""target_momentum""]",1.0,0,lr,0.3972478476137161,505,26
credit_bond_ETFs,2012,target_topology/C=0.01,target_topology,"[""h1_entropy_normalized"", ""h1_total_per_asset"", ""w2_per_sqrt_asset""]",0.01,0,lr,0.0402613841839082,505,26
credit_bond_ETFs,2012,target_topology/C=0.1,target_topology,"[""h1_entropy_normalized"", ""h1_total_per_asset"", ""w2_per_sqrt_asset""]",0.1,0,lr,0.050756016920905825,505,26
credit_bond_ETFs,2012,target_topology/C=1.0,target_topology,"[""h1_entropy_normalized"", ""h1_total_per_asset"", ""w2_per_sqrt_asset""]",1.0,0,lr,0.056923767019385736,505,26
credit_bond_ETFs,2012,target_combined/C=0.01,target_combined,"[""target_volatility"", ""target_momentum"", ""h1_entropy_normalized"", ""h1_total_per_asset"", ""w2_per_sqrt_asset""]",0.01,0,lr,0.3897194450897736,505,26
credit_bond_ETFs,2012,target_combined/C=0.1,target_combined,"[""target_volatility"", ""target_momentum"", ""h1_entropy_normalized"", ""h1_total_per_asset"", ""w2_per_sqrt_asset""]",0.1,0,lr,0.39121278334310094,505,26
credit_bond_ETFs,2012,target_combined/C=1.0,target_combined,"[""target_volatility"", ""target_momentum"", ""h1_entropy_normalized"", ""h1_total_per_asset"", ""w2_per_sqrt_asset""]",1.0,0,lr,0.3895254067179734,505,26
credit_bond_ETFs,2012,target_topology_xgb/C=2,target_topology_xgb,"[""h1_entropy_normalized"", ""h1_total_per_asset"", ""w2_per_sqrt_asset""]",2.0,0,xgb,0.09848484848484848,505,26
credit_bond_ETFs,2012,target_topology_xgb/C=3,target_topology_xgb,"[""h1_entropy_normalized"", ""h1_total_per_asset"", ""w2_per_sqrt_asset""]",3.0,0,xgb,0.09848484848484848,505,26
credit_bond_ETFs,2012,target_topology_xgb/C=4,target_topology_xgb,"[""h1_entropy_normalized"", ""h1_total_per_asset"", ""w2_per_sqrt_asset""]",4.0,0,xgb,0.09848484848484848,505,26
credit_bond_ETFs,2013,target_market/C=0.01,target_market,"[""target_volatility"", ""target_momentum""]",0.01,0,lr,,655,0
credit_bond_ETFs,2013,target_market/C=0.1,target_market,"[""target_volatility"", ""target_momentum""]",0.1,0,lr,,655,0
credit_bond_ETFs,2013,target_market/C=1.0,target_market,"[""target_volatility"", ""target_momentum""]",1.0,0,lr,,655,0
credit_bond_ETFs,2013,target_topology/C=0.01,target_topology,"[""h1_entropy_normalized"", ""h1_total_per_asset"", ""w2_per_sqrt_asset""]",0.01,0,lr,,655,0
credit_bond_ETFs,2013,target_topology/C=0.1,target_topology,"[""h1_entropy_normalized"", ""h1_total_per_asset"", ""w2_per_sqrt_asset""]",0.1,0,lr,,655,0
credit_bond_ETFs,2013,target_topology/C=1.0,target_topology,"[""h1_entropy_normalized"", ""h1_total_per_asset"", ""w2_per_sqrt_asset""]",1.0,0,lr,,655,0
credit_bond_ETFs,2013,target_combined/C=0.01,target_combined,"[""target_volatility"", ""target_momentum"", ""h1_entropy_normalized"", ""h1_total_per_asset"", ""w2_per_sqrt_asset""]",0.01,0,lr,,655,0
credit_bond_ETFs,2013,target_combined/C=0.1,target_combined,"[""target_volatility"", ""target_momentum"", ""h1_entropy_normalized"", ""h1_total_per_asset"", ""w2_per_sqrt_asset""]",0.1,0,lr,,655,0
credit_bond_ETFs,2013,target_combined/C=1.0,target_combined,"[""target_volatility"", ""target_momentum"", ""h1_entropy_normalized"", ""h1_total_per_asset"", ""w2_per_sqrt_asset""]",1.0,0,lr,,655,0
credit_bond_ETFs,2013,target_topology_xgb/C=2,target_topology_xgb,"[""h1_entropy_normalized"", ""h1_total_per_asset"", ""w2_per_sqrt_asset""]",2.0,0,xgb,,655,0
credit_bond_ETFs,2013,target_topology_xgb/C=3,target_topology_xgb,"[""h1_entropy_normalized"", ""h1_total_per_asset"", ""w2_per_sqrt_asset""]",3.0,0,xgb,,655,0
credit_bond_ETFs,2013,target_topology_xgb/C=4,target_topology_xgb,"[""h1_entropy_normalized"", ""h1_total_per_asset"", ""w2_per_sqrt_asset""]",4.0,0,xgb,,655,0
credit_bond_ETFs,2014,target_market/C=0.01,target_market,"[""target_volatility"", ""target_momentum""]",0.01,0,lr,,806,0
credit_bond_ETFs,2014,target_market/C=0.1,target_market,"[""target_volatility"", ""target_momentum""]",0.1,0,lr,,806,0
credit_bond_ETFs,2014,target_market/C=1.0,target_market,"[""target_volatility"", ""target_momentum""]",1.0,0,lr,,806,0
credit_bond_ETFs,2014,target_topology/C=0.01,target_topology,"[""h1_entropy_normalized"", ""h1_total_per_asset"", ""w2_per_sqrt_asset""]",0.01,0,lr,,806,0
credit_bond_ETFs,2014,target_topology/C=0.1,target_topology,"[""h1_entropy_normalized"", ""h1_total_per_asset"", ""w2_per_sqrt_asset""]",0.1,0,lr,,806,0
credit_bond_ETFs,2014,target_topology/C=1.0,target_topology,"[""h1_entropy_normalized"", ""h1_total_per_asset"", ""w2_per_sqrt_asset""]",1.0,0,lr,,806,0
credit_bond_ETFs,2014,target_combined/C=0.01,target_combined,"[""target_volatility"", ""target_momentum"", ""h1_entropy_normalized"", ""h1_total_per_asset"", ""w2_per_sqrt_asset""]",0.01,0,lr,,806,0
credit_bond_ETFs,2014,target_combined/C=0.1,target_combined,"[""target_volatility"", ""target_momentum"", ""h1_entropy_normalized"", ""h1_total_per_asset"", ""w2_per_sqrt_asset""]",0.1,0,lr,,806,0
credit_bond_ETFs,2014,target_combined/C=1.0,target_combined,"[""target_volatility"", ""target_momentum"", ""h1_entropy_normalized"", ""h1_total_per_asset"", ""w2_per_sqrt_asset""]",1.0,0,lr,,806,0
credit_bond_ETFs,2014,target_topology_xgb/C=2,target_topology_xgb,"[""h1_entropy_normalized"", ""h1_total_per_asset"", ""w2_per_sqrt_asset""]",2.0,0,xgb,,806,0
credit_bond_ETFs,2014,target_topology_xgb/C=3,target_topology_xgb,"[""h1_entropy_normalized"", ""h1_total_per_asset"", ""w2_per_sqrt_asset""]",3.0,0,xgb,,806,0
credit_bond_ETFs,2014,target_topology_xgb/C=4,target_topology_xgb,"[""h1_entropy_normalized"", ""h1_total_per_asset"", ""w2_per_sqrt_asset""]",4.0,0,xgb,,806,0
credit_bond_ETFs,2015,target_market/C=0.01,target_market,"[""target_volatility"", ""target_momentum""]",0.01,0,lr,,957,0
credit_bond_ETFs,2015,target_market/C=0.1,target_market,"[""target_volatility"", ""target_momentum""]",0.1,0,lr,,957,0
credit_bond_ETFs,2015,target_market/C=1.0,target_market,"[""target_volatility"", ""target_momentum""]",1.0,0,lr,,957,0
credit_bond_ETFs,2015,target_topology/C=0.01,target_topology,"[""h1_entropy_normalized"", ""h1_total_per_asset"", ""w2_per_sqrt_asset""]",0.01,0,lr,,957,0
credit_bond_ETFs,2015,target_topology/C=0.1,target_topology,"[""h1_entropy_normalized"", ""h1_total_per_asset"", ""w2_per_sqrt_asset""]",0.1,0,lr,,957,0
credit_bond_ETFs,2015,target_topology/C=1.0,target_topology,"[""h1_entropy_normalized"", ""h1_total_per_asset"", ""w2_per_sqrt_asset""]",1.0,0,lr,,957,0
credit_bond_ETFs,2015,target_combined/C=0.01,target_combined,"[""target_volatility"", ""target_momentum"", ""h1_entropy_normalized"", ""h1_total_per_asset"", ""w2_per_sqrt_asset""]",0.01,0,lr,,957,0
credit_bond_ETFs,2015,target_combined/C=0.1,target_combined,"[""target_volatility"", ""target_momentum"", ""h1_entropy_normalized"", ""h1_total_per_asset"", ""w2_per_sqrt_asset""]",0.1,0,lr,,957,0
credit_bond_ETFs,2015,target_combined/C=1.0,target_combined,"[""target_volatility"", ""target_momentum"", ""h1_entropy_normalized"", ""h1_total_per_asset"", ""w2_per_sqrt_asset""]",1.0,0,lr,,957,0
credit_bond_ETFs,2015,target_topology_xgb/C=2,target_topology_xgb,"[""h1_entropy_normalized"", ""h1_total_per_asset"", ""w2_per_sqrt_asset""]",2.0,0,xgb,,957,0
credit_bond_ETFs,2015,target_topology_xgb/C=3,target_topology_xgb,"[""h1_entropy_normalized"", ""h1_total_per_asset"", ""w2_per_sqrt_asset""]",3.0,0,xgb,,957,0
credit_bond_ETFs,2015,target_topology_xgb/C=4,target_topology_xgb,"[""h1_entropy_normalized"", ""h1_total_per_asset"", ""w2_per_sqrt_asset""]",4.0,0,xgb,,957,0
credit_bond_ETFs,2016,target_market/C=0.01,target_market,"[""target_volatility"", ""target_momentum""]",0.01,0,lr,,1109,0
credit_bond_ETFs,2016,target_market/C=0.1,target_market,"[""target_volatility"", ""target_momentum""]",0.1,0,lr,,1109,0
credit_bond_ETFs,2016,target_market/C=1.0,target_market,"[""target_volatility"", ""target_momentum""]",1.0,0,lr,,1109,0
credit_bond_ETFs,2016,target_topology/C=0.01,target_topology,"[""h1_entropy_normalized"", ""h1_total_per_asset"", ""w2_per_sqrt_asset""]",0.01,0,lr,,1109,0
credit_bond_ETFs,2016,target_topology/C=0.1,target_topology,"[""h1_entropy_normalized"", ""h1_total_per_asset"", ""w2_per_sqrt_asset""]",0.1,0,lr,,1109,0
credit_bond_ETFs,2016,target_topology/C=1.0,target_topology,"[""h1_entropy_normalized"", ""h1_total_per_asset"", ""w2_per_sqrt_asset""]",1.0,0,lr,,1109,0
credit_bond_ETFs,2016,target_combined/C=0.01,target_combined,"[""target_volatility"", ""target_momentum"", ""h1_entropy_normalized"", ""h1_total_per_asset"", ""w2_per_sqrt_asset""]",0.01,0,lr,,1109,0
credit_bond_ETFs,2016,target_combined/C=0.1,target_combined,"[""target_volatility"", ""target_momentum"", ""h1_entropy_normalized"", ""h1_total_per_asset"", ""w2_per_sqrt_asset""]",0.1,0,lr,,1109,0
credit_bond_ETFs,2016,target_combined/C=1.0,target_combined,"[""target_volatility"", ""target_momentum"", ""h1_entropy_normalized"", ""h1_total_per_asset"", ""w2_per_sqrt_asset""]",1.0,0,lr,,1109,0
credit_bond_ETFs,2016,target_topology_xgb/C=2,target_topology_xgb,"[""h1_entropy_normalized"", ""h1_total_per_asset"", ""w2_per_sqrt_asset""]",2.0,0,xgb,,1109,0
credit_bond_ETFs,2016,target_topology_xgb/C=3,target_topology_xgb,"[""h1_entropy_normalized"", ""h1_total_per_asset"", ""w2_per_sqrt_asset""]",3.0,0,xgb,,1109,0
credit_bond_ETFs,2016,target_topology_xgb/C=4,target_topology_xgb,"[""h1_entropy_normalized"", ""h1_total_per_asset"", ""w2_per_sqrt_asset""]",4.0,0,xgb,,1109,0
credit_bond_ETFs,2017,target_market/C=0.01,target_market,"[""target_volatility"", ""target_momentum""]",0.01,0,lr,,1260,0
credit_bond_ETFs,2017,target_market/C=0.1,target_market,"[""target_volatility"", ""target_momentum""]",0.1,0,lr,,1260,0
credit_bond_ETFs,2017,target_market/C=1.0,target_market,"[""target_volatility"", ""target_momentum""]",1.0,0,lr,,1260,0
credit_bond_ETFs,2017,target_topology/C=0.01,target_topology,"[""h1_entropy_normalized"", ""h1_total_per_asset"", ""w2_per_sqrt_asset""]",0.01,0,lr,,1260,0
credit_bond_ETFs,2017,target_topology/C=0.1,target_topology,"[""h1_entropy_normalized"", ""h1_total_per_asset"", ""w2_per_sqrt_asset""]",0.1,0,lr,,1260,0
credit_bond_ETFs,2017,target_topology/C=1.0,target_topology,"[""h1_entropy_normalized"", ""h1_total_per_asset"", ""w2_per_sqrt_asset""]",1.0,0,lr,,1260,0
credit_bond_ETFs,2017,target_combined/C=0.01,target_combined,"[""target_volatility"", ""target_momentum"", ""h1_entropy_normalized"", ""h1_total_per_asset"", ""w2_per_sqrt_asset""]",0.01,0,lr,,1260,0
credit_bond_ETFs,2017,target_combined/C=0.1,target_combined,"[""target_volatility"", ""target_momentum"", ""h1_entropy_normalized"", ""h1_total_per_asset"", ""w2_per_sqrt_asset""]",0.1,0,lr,,1260,0
credit_bond_ETFs,2017,target_combined/C=1.0,target_combined,"[""target_volatility"", ""target_momentum"", ""h1_entropy_normalized"", ""h1_total_per_asset"", ""w2_per_sqrt_asset""]",1.0,0,lr,,1260,0
credit_bond_ETFs,2017,target_topology_xgb/C=2,target_topology_xgb,"[""h1_entropy_normalized"", ""h1_total_per_asset"", ""w2_per_sqrt_asset""]",2.0,0,xgb,,1260,0
credit_bond_ETFs,2017,target_topology_xgb/C=3,target_topology_xgb,"[""h1_entropy_normalized"", ""h1_total_per_asset"", ""w2_per_sqrt_asset""]",3.0,0,xgb,,1260,0
credit_bond_ETFs,2017,target_topology_xgb/C=4,target_topology_xgb,"[""h1_entropy_normalized"", ""h1_total_per_asset"", ""w2_per_sqrt_asset""]",4.0,0,xgb,,1260,0
credit_bond_ETFs,2018,target_market/C=0.01,target_market,"[""target_volatility"", ""target_momentum""]",0.01,0,lr,,1410,0
credit_bond_ETFs,2018,target_market/C=0.1,target_market,"[""target_volatility"", ""target_momentum""]",0.1,0,lr,,1410,0
credit_bond_ETFs,2018,target_market/C=1.0,target_market,"[""target_volatility"", ""target_momentum""]",1.0,0,lr,,1410,0
credit_bond_ETFs,2018,target_topology/C=0.01,target_topology,"[""h1_entropy_normalized"", ""h1_total_per_asset"", ""w2_per_sqrt_asset""]",0.01,0,lr,,1410,0
credit_bond_ETFs,2018,target_topology/C=0.1,target_topology,"[""h1_entropy_normalized"", ""h1_total_per_asset"", ""w2_per_sqrt_asset""]",0.1,0,lr,,1410,0
credit_bond_ETFs,2018,target_topology/C=1.0,target_topology,"[""h1_entropy_normalized"", ""h1_total_per_asset"", ""w2_per_sqrt_asset""]",1.0,0,lr,,1410,0
credit_bond_ETFs,2018,target_combined/C=0.01,target_combined,"[""target_volatility"", ""target_momentum"", ""h1_entropy_normalized"", ""h1_total_per_asset"", ""w2_per_sqrt_asset""]",0.01,0,lr,,1410,0
credit_bond_ETFs,2018,target_combined/C=0.1,target_combined,"[""target_volatility"", ""target_momentum"", ""h1_entropy_normalized"", ""h1_total_per_asset"", ""w2_per_sqrt_asset""]",0.1,0,lr,,1410,0
credit_bond_ETFs,2018,target_combined/C=1.0,target_combined,"[""target_volatility"", ""target_momentum"", ""h1_entropy_normalized"", ""h1_total_per_asset"", ""w2_per_sqrt_asset""]",1.0,0,lr,,1410,0
credit_bond_ETFs,2018,target_topology_xgb/C=2,target_topology_xgb,"[""h1_entropy_normalized"", ""h1_total_per_asset"", ""w2_per_sqrt_asset""]",2.0,0,xgb,,1410,0
credit_bond_ETFs,2018,target_topology_xgb/C=3,target_topology_xgb,"[""h1_entropy_normalized"", ""h1_total_per_asset"", ""w2_per_sqrt_asset""]",3.0,0,xgb,,1410,0
credit_bond_ETFs,2018,target_topology_xgb/C=4,target_topology_xgb,"[""h1_entropy_normalized"", ""h1_total_per_asset"", ""w2_per_sqrt_asset""]",4.0,0,xgb,,1410,0
credit_bond_ETFs,2019,target_market/C=0.01,target_market,"[""target_volatility"", ""target_momentum""]",0.01,0,lr,,1561,0
credit_bond_ETFs,2019,target_market/C=0.1,target_market,"[""target_volatility"", ""target_momentum""]",0.1,0,lr,,1561,0
credit_bond_ETFs,2019,target_market/C=1.0,target_market,"[""target_volatility"", ""target_momentum""]",1.0,0,lr,,1561,0
credit_bond_ETFs,2019,target_topology/C=0.01,target_topology,"[""h1_entropy_normalized"", ""h1_total_per_asset"", ""w2_per_sqrt_asset""]",0.01,0,lr,,1561,0
credit_bond_ETFs,2019,target_topology/C=0.1,target_topology,"[""h1_entropy_normalized"", ""h1_total_per_asset"", ""w2_per_sqrt_asset""]",0.1,0,lr,,1561,0
credit_bond_ETFs,2019,target_topology/C=1.0,target_topology,"[""h1_entropy_normalized"", ""h1_total_per_asset"", ""w2_per_sqrt_asset""]",1.0,0,lr,,1561,0
credit_bond_ETFs,2019,target_combined/C=0.01,target_combined,"[""target_volatility"", ""target_momentum"", ""h1_entropy_normalized"", ""h1_total_per_asset"", ""w2_per_sqrt_asset""]",0.01,0,lr,,1561,0
credit_bond_ETFs,2019,target_combined/C=0.1,target_combined,"[""target_volatility"", ""target_momentum"", ""h1_entropy_normalized"", ""h1_total_per_asset"", ""w2_per_sqrt_asset""]",0.1,0,lr,,1561,0
credit_bond_ETFs,2019,target_combined/C=1.0,target_combined,"[""target_volatility"", ""target_momentum"", ""h1_entropy_normalized"", ""h1_total_per_asset"", ""w2_per_sqrt_asset""]",1.0,0,lr,,1561,0
credit_bond_ETFs,2019,target_topology_xgb/C=2,target_topology_xgb,"[""h1_entropy_normalized"", ""h1_total_per_asset"", ""w2_per_sqrt_asset""]",2.0,0,xgb,,1561,0
credit_bond_ETFs,2019,target_topology_xgb/C=3,target_topology_xgb,"[""h1_entropy_normalized"", ""h1_total_per_asset"", ""w2_per_sqrt_asset""]",3.0,0,xgb,,1561,0
credit_bond_ETFs,2019,target_topology_xgb/C=4,target_topology_xgb,"[""h1_entropy_normalized"", ""h1_total_per_asset"", ""w2_per_sqrt_asset""]",4.0,0,xgb,,1561,0
credit_bond_ETFs,2020,target_market/C=0.01,target_market,"[""target_volatility"", ""target_momentum""]",0.01,0,lr,,1712,0
credit_bond_ETFs,2020,target_market/C=0.1,target_market,"[""target_volatility"", ""target_momentum""]",0.1,0,lr,,1712,0
credit_bond_ETFs,2020,target_market/C=1.0,target_market,"[""target_volatility"", ""target_momentum""]",1.0,0,lr,,1712,0
credit_bond_ETFs,2020,target_topology/C=0.01,target_topology,"[""h1_entropy_normalized"", ""h1_total_per_asset"", ""w2_per_sqrt_asset""]",0.01,0,lr,,1712,0
credit_bond_ETFs,2020,target_topology/C=0.1,target_topology,"[""h1_entropy_normalized"", ""h1_total_per_asset"", ""w2_per_sqrt_asset""]",0.1,0,lr,,1712,0
credit_bond_ETFs,2020,target_topology/C=1.0,target_topology,"[""h1_entropy_normalized"", ""h1_total_per_asset"", ""w2_per_sqrt_asset""]",1.0,0,lr,,1712,0
credit_bond_ETFs,2020,target_combined/C=0.01,target_combined,"[""target_volatility"", ""target_momentum"", ""h1_entropy_normalized"", ""h1_total_per_asset"", ""w2_per_sqrt_asset""]",0.01,0,lr,,1712,0
credit_bond_ETFs,2020,target_combined/C=0.1,target_combined,"[""target_volatility"", ""target_momentum"", ""h1_entropy_normalized"", ""h1_total_per_asset"", ""w2_per_sqrt_asset""]",0.1,0,lr,,1712,0
credit_bond_ETFs,2020,target_combined/C=1.0,target_combined,"[""target_volatility"", ""target_momentum"", ""h1_entropy_normalized"", ""h1_total_per_asset"", ""w2_per_sqrt_asset""]",1.0,0,lr,,1712,0
credit_bond_ETFs,2020,target_topology_xgb/C=2,target_topology_xgb,"[""h1_entropy_normalized"", ""h1_total_per_asset"", ""w2_per_sqrt_asset""]",2.0,0,xgb,,1712,0
credit_bond_ETFs,2020,target_topology_xgb/C=3,target_topology_xgb,"[""h1_entropy_normalized"", ""h1_total_per_asset"", ""w2_per_sqrt_asset""]",3.0,0,xgb,,1712,0
credit_bond_ETFs,2020,target_topology_xgb/C=4,target_topology_xgb,"[""h1_entropy_normalized"", ""h1_total_per_asset"", ""w2_per_sqrt_asset""]",4.0,0,xgb,,1712,0
credit_bond_ETFs,2021,target_market/C=0.01,target_market,"[""target_volatility"", ""target_momentum""]",0.01,0,lr,,1864,0
credit_bond_ETFs,2021,target_market/C=0.1,target_market,"[""target_volatility"", ""target_momentum""]",0.1,0,lr,,1864,0
credit_bond_ETFs,2021,target_market/C=1.0,target_market,"[""target_volatility"", ""target_momentum""]",1.0,0,lr,,1864,0
credit_bond_ETFs,2021,target_topology/C=0.01,target_topology,"[""h1_entropy_normalized"", ""h1_total_per_asset"", ""w2_per_sqrt_asset""]",0.01,0,lr,,1864,0
credit_bond_ETFs,2021,target_topology/C=0.1,target_topology,"[""h1_entropy_normalized"", ""h1_total_per_asset"", ""w2_per_sqrt_asset""]",0.1,0,lr,,1864,0
credit_bond_ETFs,2021,target_topology/C=1.0,target_topology,"[""h1_entropy_normalized"", ""h1_total_per_asset"", ""w2_per_sqrt_asset""]",1.0,0,lr,,1864,0
credit_bond_ETFs,2021,target_combined/C=0.01,target_combined,"[""target_volatility"", ""target_momentum"", ""h1_entropy_normalized"", ""h1_total_per_asset"", ""w2_per_sqrt_asset""]",0.01,0,lr,,1864,0
credit_bond_ETFs,2021,target_combined/C=0.1,target_combined,"[""target_volatility"", ""target_momentum"", ""h1_entropy_normalized"", ""h1_total_per_asset"", ""w2_per_sqrt_asset""]",0.1,0,lr,,1864,0
credit_bond_ETFs,2021,target_combined/C=1.0,target_combined,"[""target_volatility"", ""target_momentum"", ""h1_entropy_normalized"", ""h1_total_per_asset"", ""w2_per_sqrt_asset""]",1.0,0,lr,,1864,0
credit_bond_ETFs,2021,target_topology_xgb/C=2,target_topology_xgb,"[""h1_entropy_normalized"", ""h1_total_per_asset"", ""w2_per_sqrt_asset""]",2.0,0,xgb,,1864,0
credit_bond_ETFs,2021,target_topology_xgb/C=3,target_topology_xgb,"[""h1_entropy_normalized"", ""h1_total_per_asset"", ""w2_per_sqrt_asset""]",3.0,0,xgb,,1864,0
credit_bond_ETFs,2021,target_topology_xgb/C=4,target_topology_xgb,"[""h1_entropy_normalized"", ""h1_total_per_asset"", ""w2_per_sqrt_asset""]",4.0,0,xgb,,1864,0
credit_bond_ETFs,2022,target_market/C=0.01,target_market,"[""target_volatility"", ""target_momentum""]",0.01,0,lr,0.035073857442995016,2015,23
credit_bond_ETFs,2022,target_market/C=0.1,target_market,"[""target_volatility"", ""target_momentum""]",0.1,0,lr,0.03251663133869845,2015,23
credit_bond_ETFs,2022,target_market/C=1.0,target_market,"[""target_volatility"", ""target_momentum""]",1.0,0,lr,0.03240327587374214,2015,23
credit_bond_ETFs,2022,target_topology/C=0.01,target_topology,"[""h1_entropy_normalized"", ""h1_total_per_asset"", ""w2_per_sqrt_asset""]",0.01,0,lr,0.01018635962764654,2015,23
credit_bond_ETFs,2022,target_topology/C=0.1,target_topology,"[""h1_entropy_normalized"", ""h1_total_per_asset"", ""w2_per_sqrt_asset""]",0.1,0,lr,0.01021271026339683,2015,23
credit_bond_ETFs,2022,target_topology/C=1.0,target_topology,"[""h1_entropy_normalized"", ""h1_total_per_asset"", ""w2_per_sqrt_asset""]",1.0,0,lr,0.01021271026339683,2015,23
credit_bond_ETFs,2022,target_combined/C=0.01,target_combined,"[""target_volatility"", ""target_momentum"", ""h1_entropy_normalized"", ""h1_total_per_asset"", ""w2_per_sqrt_asset""]",0.01,0,lr,0.03256367210586506,2015,23
credit_bond_ETFs,2022,target_combined/C=0.1,target_combined,"[""target_volatility"", ""target_momentum"", ""h1_entropy_normalized"", ""h1_total_per_asset"", ""w2_per_sqrt_asset""]",0.1,0,lr,0.030078773154859482,2015,23
credit_bond_ETFs,2022,target_combined/C=1.0,target_combined,"[""target_volatility"", ""target_momentum"", ""h1_entropy_normalized"", ""h1_total_per_asset"", ""w2_per_sqrt_asset""]",1.0,0,lr,0.02975418153699126,2015,23
credit_bond_ETFs,2022,target_topology_xgb/C=2,target_topology_xgb,"[""h1_entropy_normalized"", ""h1_total_per_asset"", ""w2_per_sqrt_asset""]",2.0,0,xgb,0.01141439205955335,2015,23
credit_bond_ETFs,2022,target_topology_xgb/C=3,target_topology_xgb,"[""h1_entropy_normalized"", ""h1_total_per_asset"", ""w2_per_sqrt_asset""]",3.0,0,xgb,0.01141439205955335,2015,23
credit_bond_ETFs,2022,target_topology_xgb/C=4,target_topology_xgb,"[""h1_entropy_normalized"", ""h1_total_per_asset"", ""w2_per_sqrt_asset""]",4.0,0,xgb,0.01141439205955335,2015,23
credit_bond_ETFs,2023,target_market/C=0.01,target_market,"[""target_volatility"", ""target_momentum""]",0.01,0,lr,0.03547216389075354,2166,23
credit_bond_ETFs,2023,target_market/C=0.1,target_market,"[""target_volatility"", ""target_momentum""]",0.1,0,lr,0.03206948986357249,2166,23
credit_bond_ETFs,2023,target_market/C=1.0,target_market,"[""target_volatility"", ""target_momentum""]",1.0,0,lr,0.031811659815866186,2166,23
credit_bond_ETFs,2023,target_topology/C=0.01,target_topology,"[""h1_entropy_normalized"", ""h1_total_per_asset"", ""w2_per_sqrt_asset""]",0.01,0,lr,0.00947966873999448,2166,23
credit_bond_ETFs,2023,target_topology/C=0.1,target_topology,"[""h1_entropy_normalized"", ""h1_total_per_asset"", ""w2_per_sqrt_asset""]",0.1,0,lr,0.009504983149448618,2166,23
credit_bond_ETFs,2023,target_topology/C=1.0,target_topology,"[""h1_entropy_normalized"", ""h1_total_per_asset"", ""w2_per_sqrt_asset""]",1.0,0,lr,0.009504983149448618,2166,23
credit_bond_ETFs,2023,target_combined/C=0.01,target_combined,"[""target_volatility"", ""target_momentum"", ""h1_entropy_normalized"", ""h1_total_per_asset"", ""w2_per_sqrt_asset""]",0.01,0,lr,0.03272312176171226,2166,23
credit_bond_ETFs,2023,target_combined/C=0.1,target_combined,"[""target_volatility"", ""target_momentum"", ""h1_entropy_normalized"", ""h1_total_per_asset"", ""w2_per_sqrt_asset""]",0.1,0,lr,0.02949162107264677,2166,23
credit_bond_ETFs,2023,target_combined/C=1.0,target_combined,"[""target_volatility"", ""target_momentum"", ""h1_entropy_normalized"", ""h1_total_per_asset"", ""w2_per_sqrt_asset""]",1.0,0,lr,0.029441717091934334,2166,23
credit_bond_ETFs,2023,target_topology_xgb/C=2,target_topology_xgb,"[""h1_entropy_normalized"", ""h1_total_per_asset"", ""w2_per_sqrt_asset""]",2.0,0,xgb,0.01061865189289012,2166,23
credit_bond_ETFs,2023,target_topology_xgb/C=3,target_topology_xgb,"[""h1_entropy_normalized"", ""h1_total_per_asset"", ""w2_per_sqrt_asset""]",3.0,0,xgb,0.01061865189289012,2166,23
credit_bond_ETFs,2023,target_topology_xgb/C=4,target_topology_xgb,"[""h1_entropy_normalized"", ""h1_total_per_asset"", ""w2_per_sqrt_asset""]",4.0,0,xgb,0.01061865189289012,2166,23
credit_bond_ETFs,2024,target_market/C=0.01,target_market,"[""target_volatility"", ""target_momentum""]",0.01,0,lr,0.03439756147394853,2316,23
credit_bond_ETFs,2024,target_market/C=0.1,target_market,"[""target_volatility"", ""target_momentum""]",0.1,0,lr,0.029985859137822486,2316,23
credit_bond_ETFs,2024,target_market/C=1.0,target_market,"[""target_volatility"", ""target_momentum""]",1.0,0,lr,0.02940135771724435,2316,23
credit_bond_ETFs,2024,target_topology/C=0.01,target_topology,"[""h1_entropy_normalized"", ""h1_total_per_asset"", ""w2_per_sqrt_asset""]",0.01,0,lr,0.008863230996893453,2316,23
credit_bond_ETFs,2024,target_topology/C=0.1,target_topology,"[""h1_entropy_normalized"", ""h1_total_per_asset"", ""w2_per_sqrt_asset""]",0.1,0,lr,0.008859783763821938,2316,23
credit_bond_ETFs,2024,target_topology/C=1.0,target_topology,"[""h1_entropy_normalized"", ""h1_total_per_asset"", ""w2_per_sqrt_asset""]",1.0,0,lr,0.008859783763821938,2316,23
credit_bond_ETFs,2024,target_combined/C=0.01,target_combined,"[""target_volatility"", ""target_momentum"", ""h1_entropy_normalized"", ""h1_total_per_asset"", ""w2_per_sqrt_asset""]",0.01,0,lr,0.033087243419945456,2316,23
credit_bond_ETFs,2024,target_combined/C=0.1,target_combined,"[""target_volatility"", ""target_momentum"", ""h1_entropy_normalized"", ""h1_total_per_asset"", ""w2_per_sqrt_asset""]",0.1,0,lr,0.02883372381030748,2316,23
credit_bond_ETFs,2024,target_combined/C=1.0,target_combined,"[""target_volatility"", ""target_momentum"", ""h1_entropy_normalized"", ""h1_total_per_asset"", ""w2_per_sqrt_asset""]",1.0,0,lr,0.028158252207735622,2316,23
credit_bond_ETFs,2024,target_topology_xgb/C=2,target_topology_xgb,"[""h1_entropy_normalized"", ""h1_total_per_asset"", ""w2_per_sqrt_asset""]",2.0,0,xgb,0.009930915371329879,2316,23
credit_bond_ETFs,2024,target_topology_xgb/C=3,target_topology_xgb,"[""h1_entropy_normalized"", ""h1_total_per_asset"", ""w2_per_sqrt_asset""]",3.0,0,xgb,0.009930915371329879,2316,23
credit_bond_ETFs,2024,target_topology_xgb/C=4,target_topology_xgb,"[""h1_entropy_normalized"", ""h1_total_per_asset"", ""w2_per_sqrt_asset""]",4.0,0,xgb,0.009930915371329879,2316,23
international_indices,2007,target_market/C=0.01,target_market,"[""target_volatility"", ""target_momentum""]",0.01,0,lr,0.03767907468334633,207,13
international_indices,2007,target_market/C=0.1,target_market,"[""target_volatility"", ""target_momentum""]",0.1,0,lr,0.03768982814237565,207,13
international_indices,2007,target_market/C=1.0,target_market,"[""target_volatility"", ""target_momentum""]",1.0,0,lr,0.03773414657030502,207,13
international_indices,2007,target_topology/C=0.01,target_topology,"[""h1_entropy_normalized"", ""h1_total_per_asset"", ""w2_per_sqrt_asset""]",0.01,0,lr,0.06280193236714976,207,13
international_indices,2007,target_topology/C=0.1,target_topology,"[""h1_entropy_normalized"", ""h1_total_per_asset"", ""w2_per_sqrt_asset""]",0.1,0,lr,0.06280193236714976,207,13
international_indices,2007,target_topology/C=1.0,target_topology,"[""h1_entropy_normalized"", ""h1_total_per_asset"", ""w2_per_sqrt_asset""]",1.0,0,lr,0.06280193236714976,207,13
international_indices,2007,target_combined/C=0.01,target_combined,"[""target_volatility"", ""target_momentum"", ""h1_entropy_normalized"", ""h1_total_per_asset"", ""w2_per_sqrt_asset""]",0.01,0,lr,0.03767907468334633,207,13
international_indices,2007,target_combined/C=0.1,target_combined,"[""target_volatility"", ""target_momentum"", ""h1_entropy_normalized"", ""h1_total_per_asset"", ""w2_per_sqrt_asset""]",0.1,0,lr,0.03768982814237565,207,13
international_indices,2007,target_combined/C=1.0,target_combined,"[""target_volatility"", ""target_momentum"", ""h1_entropy_normalized"", ""h1_total_per_asset"", ""w2_per_sqrt_asset""]",1.0,0,lr,0.03773414657030502,207,13
international_indices,2007,target_topology_xgb/C=2,target_topology_xgb,"[""h1_entropy_normalized"", ""h1_total_per_asset"", ""w2_per_sqrt_asset""]",2.0,0,xgb,0.06280193236714976,207,13
international_indices,2007,target_topology_xgb/C=3,target_topology_xgb,"[""h1_entropy_normalized"", ""h1_total_per_asset"", ""w2_per_sqrt_asset""]",3.0,0,xgb,0.06280193236714976,207,13
international_indices,2007,target_topology_xgb/C=4,target_topology_xgb,"[""h1_entropy_normalized"", ""h1_total_per_asset"", ""w2_per_sqrt_asset""]",4.0,0,xgb,0.06280193236714976,207,13
international_indices,2008,target_market/C=0.01,target_market,"[""target_volatility"", ""target_momentum""]",0.01,0,lr,,264,0
international_indices,2008,target_market/C=0.1,target_market,"[""target_volatility"", ""target_momentum""]",0.1,0,lr,,264,0
international_indices,2008,target_market/C=1.0,target_market,"[""target_volatility"", ""target_momentum""]",1.0,0,lr,,264,0
international_indices,2008,target_topology/C=0.01,target_topology,"[""h1_entropy_normalized"", ""h1_total_per_asset"", ""w2_per_sqrt_asset""]",0.01,0,lr,,264,0
international_indices,2008,target_topology/C=0.1,target_topology,"[""h1_entropy_normalized"", ""h1_total_per_asset"", ""w2_per_sqrt_asset""]",0.1,0,lr,,264,0
international_indices,2008,target_topology/C=1.0,target_topology,"[""h1_entropy_normalized"", ""h1_total_per_asset"", ""w2_per_sqrt_asset""]",1.0,0,lr,,264,0
international_indices,2008,target_combined/C=0.01,target_combined,"[""target_volatility"", ""target_momentum"", ""h1_entropy_normalized"", ""h1_total_per_asset"", ""w2_per_sqrt_asset""]",0.01,0,lr,,264,0
international_indices,2008,target_combined/C=0.1,target_combined,"[""target_volatility"", ""target_momentum"", ""h1_entropy_normalized"", ""h1_total_per_asset"", ""w2_per_sqrt_asset""]",0.1,0,lr,,264,0
international_indices,2008,target_combined/C=1.0,target_combined,"[""target_volatility"", ""target_momentum"", ""h1_entropy_normalized"", ""h1_total_per_asset"", ""w2_per_sqrt_asset""]",1.0,0,lr,,264,0
international_indices,2008,target_topology_xgb/C=2,target_topology_xgb,"[""h1_entropy_normalized"", ""h1_total_per_asset"", ""w2_per_sqrt_asset""]",2.0,0,xgb,,264,0
international_indices,2008,target_topology_xgb/C=3,target_topology_xgb,"[""h1_entropy_normalized"", ""h1_total_per_asset"", ""w2_per_sqrt_asset""]",3.0,0,xgb,,264,0
international_indices,2008,target_topology_xgb/C=4,target_topology_xgb,"[""h1_entropy_normalized"", ""h1_total_per_asset"", ""w2_per_sqrt_asset""]",4.0,0,xgb,,264,0
international_indices,2009,target_market/C=0.01,target_market,"[""target_volatility"", ""target_momentum""]",0.01,0,lr,,328,0
international_indices,2009,target_market/C=0.1,target_market,"[""target_volatility"", ""target_momentum""]",0.1,0,lr,,328,0
international_indices,2009,target_market/C=1.0,target_market,"[""target_volatility"", ""target_momentum""]",1.0,0,lr,,328,0
international_indices,2009,target_topology/C=0.01,target_topology,"[""h1_entropy_normalized"", ""h1_total_per_asset"", ""w2_per_sqrt_asset""]",0.01,0,lr,,328,0
international_indices,2009,target_topology/C=0.1,target_topology,"[""h1_entropy_normalized"", ""h1_total_per_asset"", ""w2_per_sqrt_asset""]",0.1,0,lr,,328,0
international_indices,2009,target_topology/C=1.0,target_topology,"[""h1_entropy_normalized"", ""h1_total_per_asset"", ""w2_per_sqrt_asset""]",1.0,0,lr,,328,0
international_indices,2009,target_combined/C=0.01,target_combined,"[""target_volatility"", ""target_momentum"", ""h1_entropy_normalized"", ""h1_total_per_asset"", ""w2_per_sqrt_asset""]",0.01,0,lr,,328,0
international_indices,2009,target_combined/C=0.1,target_combined,"[""target_volatility"", ""target_momentum"", ""h1_entropy_normalized"", ""h1_total_per_asset"", ""w2_per_sqrt_asset""]",0.1,0,lr,,328,0
international_indices,2009,target_combined/C=1.0,target_combined,"[""target_volatility"", ""target_momentum"", ""h1_entropy_normalized"", ""h1_total_per_asset"", ""w2_per_sqrt_asset""]",1.0,0,lr,,328,0
international_indices,2009,target_topology_xgb/C=2,target_topology_xgb,"[""h1_entropy_normalized"", ""h1_total_per_asset"", ""w2_per_sqrt_asset""]",2.0,0,xgb,,328,0
international_indices,2009,target_topology_xgb/C=3,target_topology_xgb,"[""h1_entropy_normalized"", ""h1_total_per_asset"", ""w2_per_sqrt_asset""]",3.0,0,xgb,,328,0
international_indices,2009,target_topology_xgb/C=4,target_topology_xgb,"[""h1_entropy_normalized"", ""h1_total_per_asset"", ""w2_per_sqrt_asset""]",4.0,0,xgb,,328,0
international_indices,2010,target_market/C=0.01,target_market,"[""target_volatility"", ""target_momentum""]",0.01,0,lr,,387,0
international_indices,2010,target_market/C=0.1,target_market,"[""target_volatility"", ""target_momentum""]",0.1,0,lr,,387,0
international_indices,2010,target_market/C=1.0,target_market,"[""target_volatility"", ""target_momentum""]",1.0,0,lr,,387,0
international_indices,2010,target_topology/C=0.01,target_topology,"[""h1_entropy_normalized"", ""h1_total_per_asset"", ""w2_per_sqrt_asset""]",0.01,0,lr,,387,0
international_indices,2010,target_topology/C=0.1,target_topology,"[""h1_entropy_normalized"", ""h1_total_per_asset"", ""w2_per_sqrt_asset""]",0.1,0,lr,,387,0
international_indices,2010,target_topology/C=1.0,target_topology,"[""h1_entropy_normalized"", ""h1_total_per_asset"", ""w2_per_sqrt_asset""]",1.0,0,lr,,387,0
international_indices,2010,target_combined/C=0.01,target_combined,"[""target_volatility"", ""target_momentum"", ""h1_entropy_normalized"", ""h1_total_per_asset"", ""w2_per_sqrt_asset""]",0.01,0,lr,,387,0
international_indices,2010,target_combined/C=0.1,target_combined,"[""target_volatility"", ""target_momentum"", ""h1_entropy_normalized"", ""h1_total_per_asset"", ""w2_per_sqrt_asset""]",0.1,0,lr,,387,0
international_indices,2010,target_combined/C=1.0,target_combined,"[""target_volatility"", ""target_momentum"", ""h1_entropy_normalized"", ""h1_total_per_asset"", ""w2_per_sqrt_asset""]",1.0,0,lr,,387,0
international_indices,2010,target_topology_xgb/C=2,target_topology_xgb,"[""h1_entropy_normalized"", ""h1_total_per_asset"", ""w2_per_sqrt_asset""]",2.0,0,xgb,,387,0
international_indices,2010,target_topology_xgb/C=3,target_topology_xgb,"[""h1_entropy_normalized"", ""h1_total_per_asset"", ""w2_per_sqrt_asset""]",3.0,0,xgb,,387,0
international_indices,2010,target_topology_xgb/C=4,target_topology_xgb,"[""h1_entropy_normalized"", ""h1_total_per_asset"", ""w2_per_sqrt_asset""]",4.0,0,xgb,,387,0
international_indices,2011,target_market/C=0.01,target_market,"[""target_volatility"", ""target_momentum""]",0.01,0,lr,0.011757213561201792,440,5
international_indices,2011,target_market/C=0.1,target_market,"[""target_volatility"", ""target_momentum""]",0.1,0,lr,0.01176393229807926,440,5
international_indices,2011,target_market/C=1.0,target_market,"[""target_volatility"", ""target_momentum""]",1.0,0,lr,0.013157768685088648,440,5
international_indices,2011,target_topology/C=0.01,target_topology,"[""h1_entropy_normalized"", ""h1_total_per_asset"", ""w2_per_sqrt_asset""]",0.01,0,lr,0.011363636363636364,440,5
international_indices,2011,target_topology/C=0.1,target_topology,"[""h1_entropy_normalized"", ""h1_total_per_asset"", ""w2_per_sqrt_asset""]",0.1,0,lr,0.011363636363636364,440,5
international_indices,2011,target_topology/C=1.0,target_topology,"[""h1_entropy_normalized"", ""h1_total_per_asset"", ""w2_per_sqrt_asset""]",1.0,0,lr,0.011363636363636364,440,5
international_indices,2011,target_combined/C=0.01,target_combined,"[""target_volatility"", ""target_momentum"", ""h1_entropy_normalized"", ""h1_total_per_asset"", ""w2_per_sqrt_asset""]",0.01,0,lr,0.011757213561201792,440,5
international_indices,2011,target_combined/C=0.1,target_combined,"[""target_volatility"", ""target_momentum"", ""h1_entropy_normalized"", ""h1_total_per_asset"", ""w2_per_sqrt_asset""]",0.1,0,lr,0.01176393229807926,440,5
international_indices,2011,target_combined/C=1.0,target_combined,"[""target_volatility"", ""target_momentum"", ""h1_entropy_normalized"", ""h1_total_per_asset"", ""w2_per_sqrt_asset""]",1.0,0,lr,0.013157768685088648,440,5
international_indices,2011,target_topology_xgb/C=2,target_topology_xgb,"[""h1_entropy_normalized"", ""h1_total_per_asset"", ""w2_per_sqrt_asset""]",2.0,0,xgb,0.011363636363636364,440,5
international_indices,2011,target_topology_xgb/C=3,target_topology_xgb,"[""h1_entropy_normalized"", ""h1_total_per_asset"", ""w2_per_sqrt_asset""]",3.0,0,xgb,0.011363636363636364,440,5
international_indices,2011,target_topology_xgb/C=4,target_topology_xgb,"[""h1_entropy_normalized"", ""h1_total_per_asset"", ""w2_per_sqrt_asset""]",4.0,0,xgb,0.011363636363636364,440,5
international_indices,2012,target_market/C=0.01,target_market,"[""target_volatility"", ""target_momentum""]",0.01,0,lr,0.06539582662863128,462,34
international_indices,2012,target_market/C=0.1,target_market,"[""target_volatility"", ""target_momentum""]",0.1,0,lr,0.3447792565958917,462,34
international_indices,2012,target_market/C=1.0,target_market,"[""target_volatility"", ""target_momentum""]",1.0,0,lr,0.37053492175294916,462,34
international_indices,2012,target_topology/C=0.01,target_topology,"[""h1_entropy_normalized"", ""h1_total_per_asset"", ""w2_per_sqrt_asset""]",0.01,0,lr,0.0735930735930736,462,34
international_indices,2012,target_topology/C=0.1,target_topology,"[""h1_entropy_normalized"", ""h1_total_per_asset"", ""w2_per_sqrt_asset""]",0.1,0,lr,0.0735930735930736,462,34
international_indices,2012,target_topology/C=1.0,target_topology,"[""h1_entropy_normalized"", ""h1_total_per_asset"", ""w2_per_sqrt_asset""]",1.0,0,lr,0.0735930735930736,462,34
international_indices,2012,target_combined/C=0.01,target_combined,"[""target_volatility"", ""target_momentum"", ""h1_entropy_normalized"", ""h1_total_per_asset"", ""w2_per_sqrt_asset""]",0.01,0,lr,0.06539582662863128,462,34
international_indices,2012,target_combined/C=0.1,target_combined,"[""target_volatility"", ""target_momentum"", ""h1_entropy_normalized"", ""h1_total_per_asset"", ""w2_per_sqrt_asset""]",0.1,0,lr,0.3447792565958917,462,34
international_indices,2012,target_combined/C=1.0,target_combined,"[""target_volatility"", ""target_momentum"", ""h1_entropy_normalized"", ""h1_total_per_asset"", ""w2_per_sqrt_asset""]",1.0,0,lr,0.37053492175294916,462,34
international_indices,2012,target_topology_xgb/C=2,target_topology_xgb,"[""h1_entropy_normalized"", ""h1_total_per_asset"", ""w2_per_sqrt_asset""]",2.0,0,xgb,0.0735930735930736,462,34
international_indices,2012,target_topology_xgb/C=3,target_topology_xgb,"[""h1_entropy_normalized"", ""h1_total_per_asset"", ""w2_per_sqrt_asset""]",3.0,0,xgb,0.0735930735930736,462,34
international_indices,2012,target_topology_xgb/C=4,target_topology_xgb,"[""h1_entropy_normalized"", ""h1_total_per_asset"", ""w2_per_sqrt_asset""]",4.0,0,xgb,0.0735930735930736,462,34
international_indices,2013,target_market/C=0.01,target_market,"[""target_volatility"", ""target_momentum""]",0.01,0,lr,0.3217117678887183,495,46
international_indices,2013,target_market/C=0.1,target_market,"[""target_volatility"", ""target_momentum""]",0.1,0,lr,0.4543939674824388,495,46
international_indices,2013,target_market/C=1.0,target_market,"[""target_volatility"", ""target_momentum""]",1.0,0,lr,0.48032124268307913,495,46
international_indices,2013,target_topology/C=0.01,target_topology,"[""h1_entropy_normalized"", ""h1_total_per_asset"", ""w2_per_sqrt_asset""]",0.01,0,lr,0.09292929292929293,495,46
international_indices,2013,target_topology/C=0.1,target_topology,"[""h1_entropy_normalized"", ""h1_total_per_asset"", ""w2_per_sqrt_asset""]",0.1,0,lr,0.09292929292929293,495,46
international_indices,2013,target_topology/C=1.0,target_topology,"[""h1_entropy_normalized"", ""h1_total_per_asset"", ""w2_per_sqrt_asset""]",1.0,0,lr,0.09292929292929293,495,46
international_indices,2013,target_combined/C=0.01,target_combined,"[""target_volatility"", ""target_momentum"", ""h1_entropy_normalized"", ""h1_total_per_asset"", ""w2_per_sqrt_asset""]",0.01,0,lr,0.3217117678887183,495,46
international_indices,2013,target_combined/C=0.1,target_combined,"[""target_volatility"", ""target_momentum"", ""h1_entropy_normalized"", ""h1_total_per_asset"", ""w2_per_sqrt_asset""]",0.1,0,lr,0.4543939674824388,495,46
international_indices,2013,target_combined/C=1.0,target_combined,"[""target_volatility"", ""target_momentum"", ""h1_entropy_normalized"", ""h1_total_per_asset"", ""w2_per_sqrt_asset""]",1.0,0,lr,0.48032124268307913,495,46
international_indices,2013,target_topology_xgb/C=2,target_topology_xgb,"[""h1_entropy_normalized"", ""h1_total_per_asset"", ""w2_per_sqrt_asset""]",2.0,0,xgb,0.09292929292929293,495,46
international_indices,2013,target_topology_xgb/C=3,target_topology_xgb,"[""h1_entropy_normalized"", ""h1_total_per_asset"", ""w2_per_sqrt_asset""]",3.0,0,xgb,0.09292929292929293,495,46
international_indices,2013,target_topology_xgb/C=4,target_topology_xgb,"[""h1_entropy_normalized"", ""h1_total_per_asset"", ""w2_per_sqrt_asset""]",4.0,0,xgb,0.09292929292929293,495,46
international_indices,2014,target_market/C=0.01,target_market,"[""target_volatility"", ""target_momentum""]",0.01,0,lr,0.314666929736114,527,46
international_indices,2014,target_market/C=0.1,target_market,"[""target_volatility"", ""target_momentum""]",0.1,0,lr,0.453832753866111,527,46
international_indices,2014,target_market/C=1.0,target_market,"[""target_volatility"", ""target_momentum""]",1.0,0,lr,0.4808535298430739,527,46
international_indices,2014,target_topology/C=0.01,target_topology,"[""h1_entropy_normalized"", ""h1_total_per_asset"", ""w2_per_sqrt_asset""]",0.01,0,lr,0.0872865275142315,527,46
international_indices,2014,target_topology/C=0.1,target_topology,"[""h1_entropy_normalized"", ""h1_total_per_asset"", ""w2_per_sqrt_asset""]",0.1,0,lr,0.0872865275142315,527,46
international_indices,2014,target_topology/C=1.0,target_topology,"[""h1_entropy_normalized"", ""h1_total_per_asset"", ""w2_per_sqrt_asset""]",1.0,0,lr,0.0872865275142315,527,46
international_indices,2014,target_combined/C=0.01,target_combined,"[""target_volatility"", ""target_momentum"", ""h1_entropy_normalized"", ""h1_total_per_asset"", ""w2_per_sqrt_asset""]",0.01,0,lr,0.314666929736114,527,46
international_indices,2014,target_combined/C=0.1,target_combined,"[""target_volatility"", ""target_momentum"", ""h1_entropy_normalized"", ""h1_total_per_asset"", ""w2_per_sqrt_asset""]",0.1,0,lr,0.453832753866111,527,46
international_indices,2014,target_combined/C=1.0,target_combined,"[""target_volatility"", ""target_momentum"", ""h1_entropy_normalized"", ""h1_total_per_asset"", ""w2_per_sqrt_asset""]",1.0,0,lr,0.4808535298430739,527,46
international_indices,2014,target_topology_xgb/C=2,target_topology_xgb,"[""h1_entropy_normalized"", ""h1_total_per_asset"", ""w2_per_sqrt_asset""]",2.0,0,xgb,0.0872865275142315,527,46
international_indices,2014,target_topology_xgb/C=3,target_topology_xgb,"[""h1_entropy_normalized"", ""h1_total_per_asset"", ""w2_per_sqrt_asset""]",3.0,0,xgb,0.0872865275142315,527,46
international_indices,2014,target_topology_xgb/C=4,target_topology_xgb,"[""h1_entropy_normalized"", ""h1_total_per_asset"", ""w2_per_sqrt_asset""]",4.0,0,xgb,0.0872865275142315,527,46
international_indices,2015,target_market/C=0.01,target_market,"[""target_volatility"", ""target_momentum""]",0.01,0,lr,0.30778746164368687,578,46
international_indices,2015,target_market/C=0.1,target_market,"[""target_volatility"", ""target_momentum""]",0.1,0,lr,0.45184107886106784,578,46
international_indices,2015,target_market/C=1.0,target_market,"[""target_volatility"", ""target_momentum""]",1.0,0,lr,0.46935119576025214,578,46
international_indices,2015,target_topology/C=0.01,target_topology,"[""h1_entropy_normalized"", ""h1_total_per_asset"", ""w2_per_sqrt_asset""]",0.01,0,lr,0.07958477508650519,578,46
international_indices,2015,target_topology/C=0.1,target_topology,"[""h1_entropy_normalized"", ""h1_total_per_asset"", ""w2_per_sqrt_asset""]",0.1,0,lr,0.07958477508650519,578,46
international_indices,2015,target_topology/C=1.0,target_topology,"[""h1_entropy_normalized"", ""h1_total_per_asset"", ""w2_per_sqrt_asset""]",1.0,0,lr,0.07958477508650519,578,46
international_indices,2015,target_combined/C=0.01,target_combined,"[""target_volatility"", ""target_momentum"", ""h1_entropy_normalized"", ""h1_total_per_asset"", ""w2_per_sqrt_asset""]",0.01,0,lr,0.30778746164368687,578,46
international_indices,2015,target_combined/C=0.1,target_combined,"[""target_volatility"", ""target_momentum"", ""h1_entropy_normalized"", ""h1_total_per_asset"", ""w2_per_sqrt_asset""]",0.1,0,lr,0.45184107886106784,578,46
international_indices,2015,target_combined/C=1.0,target_combined,"[""target_volatility"", ""target_momentum"", ""h1_entropy_normalized"", ""h1_total_per_asset"", ""w2_per_sqrt_asset""]",1.0,0,lr,0.46935119576025214,578,46
international_indices,2015,target_topology_xgb/C=2,target_topology_xgb,"[""h1_entropy_normalized"", ""h1_total_per_asset"", ""w2_per_sqrt_asset""]",2.0,0,xgb,0.07958477508650519,578,46
international_indices,2015,target_topology_xgb/C=3,target_topology_xgb,"[""h1_entropy_normalized"", ""h1_total_per_asset"", ""w2_per_sqrt_asset""]",3.0,0,xgb,0.07958477508650519,578,46
international_indices,2015,target_topology_xgb/C=4,target_topology_xgb,"[""h1_entropy_normalized"", ""h1_total_per_asset"", ""w2_per_sqrt_asset""]",4.0,0,xgb,0.07958477508650519,578,46
international_indices,2016,target_market/C=0.01,target_market,"[""target_volatility"", ""target_momentum""]",0.01,0,lr,0.4808306334859192,642,46
international_indices,2016,target_market/C=0.1,target_market,"[""target_volatility"", ""target_momentum""]",0.1,0,lr,0.4944136630823294,642,46
international_indices,2016,target_market/C=1.0,target_market,"[""target_volatility"", ""target_momentum""]",1.0,0,lr,0.49459587198778704,642,46
international_indices,2016,target_topology/C=0.01,target_topology,"[""h1_entropy_normalized"", ""h1_total_per_asset"", ""w2_per_sqrt_asset""]",0.01,0,lr,0.06758770147636463,642,46
international_indices,2016,target_topology/C=0.1,target_topology,"[""h1_entropy_normalized"", ""h1_total_per_asset"", ""w2_per_sqrt_asset""]",0.1,0,lr,0.06758770147636463,642,46
international_indices,2016,target_topology/C=1.0,target_topology,"[""h1_entropy_normalized"", ""h1_total_per_asset"", ""w2_per_sqrt_asset""]",1.0,0,lr,0.06758770147636463,642,46
international_indices,2016,target_combined/C=0.01,target_combined,"[""target_volatility"", ""target_momentum"", ""h1_entropy_normalized"", ""h1_total_per_asset"", ""w2_per_sqrt_asset""]",0.01,0,lr,0.4808306334859192,642,46
international_indices,2016,target_combined/C=0.1,target_combined,"[""target_volatility"", ""target_momentum"", ""h1_entropy_normalized"", ""h1_total_per_asset"", ""w2_per_sqrt_asset""]",0.1,0,lr,0.4944136630823294,642,46
international_indices,2016,target_combined/C=1.0,target_combined,"[""target_volatility"", ""target_momentum"", ""h1_entropy_normalized"", ""h1_total_per_asset"", ""w2_per_sqrt_asset""]",1.0,0,lr,0.49459587198778704,642,46
international_indices,2016,target_topology_xgb/C=2,target_topology_xgb,"[""h1_entropy_normalized"", ""h1_total_per_asset"", ""w2_per_sqrt_asset""]",2.0,0,xgb,0.06758770147636463,642,46
international_indices,2016,target_topology_xgb/C=3,target_topology_xgb,"[""h1_entropy_normalized"", ""h1_total_per_asset"", ""w2_per_sqrt_asset""]",3.0,0,xgb,0.06758770147636463,642,46
international_indices,2016,target_topology_xgb/C=4,target_topology_xgb,"[""h1_entropy_normalized"", ""h1_total_per_asset"", ""w2_per_sqrt_asset""]",4.0,0,xgb,0.06758770147636463,642,46
international_indices,2017,target_market/C=0.01,target_market,"[""target_volatility"", ""target_momentum""]",0.01,0,lr,0.10476767233894971,684,46
international_indices,2017,target_market/C=0.1,target_market,"[""target_volatility"", ""target_momentum""]",0.1,0,lr,0.2715785785044692,684,46
international_indices,2017,target_market/C=1.0,target_market,"[""target_volatility"", ""target_momentum""]",1.0,0,lr,0.3815913716515398,684,46
international_indices,2017,target_topology/C=0.01,target_topology,"[""h1_entropy_normalized"", ""h1_total_per_asset"", ""w2_per_sqrt_asset""]",0.01,0,lr,0.06725146198830409,684,46
international_indices,2017,target_topology/C=0.1,target_topology,"[""h1_entropy_normalized"", ""h1_total_per_asset"", ""w2_per_sqrt_asset""]",0.1,0,lr,0.06725146198830409,684,46
international_indices,2017,target_topology/C=1.0,target_topology,"[""h1_entropy_normalized"", ""h1_total_per_asset"", ""w2_per_sqrt_asset""]",1.0,0,lr,0.06725146198830409,684,46
international_indices,2017,target_combined/C=0.01,target_combined,"[""target_volatility"", ""target_momentum"", ""h1_entropy_normalized"", ""h1_total_per_asset"", ""w2_per_sqrt_asset""]",0.01,0,lr,0.10476767233894971,684,46
international_indices,2017,target_combined/C=0.1,target_combined,"[""target_volatility"", ""target_momentum"", ""h1_entropy_normalized"", ""h1_total_per_asset"", ""w2_per_sqrt_asset""]",0.1,0,lr,0.2715785785044692,684,46
international_indices,2017,target_combined/C=1.0,target_combined,"[""target_volatility"", ""target_momentum"", ""h1_entropy_normalized"", ""h1_total_per_asset"", ""w2_per_sqrt_asset""]",1.0,0,lr,0.3815913716515398,684,46
international_indices,2017,target_topology_xgb/C=2,target_topology_xgb,"[""h1_entropy_normalized"", ""h1_total_per_asset"", ""w2_per_sqrt_asset""]",2.0,0,xgb,0.06725146198830409,684,46
international_indices,2017,target_topology_xgb/C=3,target_topology_xgb,"[""h1_entropy_normalized"", ""h1_total_per_asset"", ""w2_per_sqrt_asset""]",3.0,0,xgb,0.06725146198830409,684,46
international_indices,2017,target_topology_xgb/C=4,target_topology_xgb,"[""h1_entropy_normalized"", ""h1_total_per_asset"", ""w2_per_sqrt_asset""]",4.0,0,xgb,0.06725146198830409,684,46
international_indices,2018,target_market/C=0.01,target_market,"[""target_volatility"", ""target_momentum""]",0.01,0,lr,0.1526212379372165,710,46
international_indices,2018,target_market/C=0.1,target_market,"[""target_volatility"", ""target_momentum""]",0.1,0,lr,0.43836592693284077,710,46
international_indices,2018,target_market/C=1.0,target_market,"[""target_volatility"", ""target_momentum""]",1.0,0,lr,0.44632695398848216,710,46
international_indices,2018,target_topology/C=0.01,target_topology,"[""h1_entropy_normalized"", ""h1_total_per_asset"", ""w2_per_sqrt_asset""]",0.01,0,lr,0.0647887323943662,710,46
international_indices,2018,target_topology/C=0.1,target_topology,"[""h1_entropy_normalized"", ""h1_total_per_asset"", ""w2_per_sqrt_asset""]",0.1,0,lr,0.0647887323943662,710,46
international_indices,2018,target_topology/C=1.0,target_topology,"[""h1_entropy_normalized"", ""h1_total_per_asset"", ""w2_per_sqrt_asset""]",1.0,0,lr,0.0647887323943662,710,46
international_indices,2018,target_combined/C=0.01,target_combined,"[""target_volatility"", ""target_momentum"", ""h1_entropy_normalized"", ""h1_total_per_asset"", ""w2_per_sqrt_asset""]",0.01,0,lr,0.1526212379372165,710,46
international_indices,2018,target_combined/C=0.1,target_combined,"[""target_volatility"", ""target_momentum"", ""h1_entropy_normalized"", ""h1_total_per_asset"", ""w2_per_sqrt_asset""]",0.1,0,lr,0.43836592693284077,710,46
international_indices,2018,target_combined/C=1.0,target_combined,"[""target_volatility"", ""target_momentum"", ""h1_entropy_normalized"", ""h1_total_per_asset"", ""w2_per_sqrt_asset""]",1.0,0,lr,0.44632695398848216,710,46
international_indices,2018,target_topology_xgb/C=2,target_topology_xgb,"[""h1_entropy_normalized"", ""h1_total_per_asset"", ""w2_per_sqrt_asset""]",2.0,0,xgb,0.0647887323943662,710,46
international_indices,2018,target_topology_xgb/C=3,target_topology_xgb,"[""h1_entropy_normalized"", ""h1_total_per_asset"", ""w2_per_sqrt_asset""]",3.0,0,xgb,0.0647887323943662,710,46
international_indices,2018,target_topology_xgb/C=4,target_topology_xgb,"[""h1_entropy_normalized"", ""h1_total_per_asset"", ""w2_per_sqrt_asset""]",4.0,0,xgb,0.0647887323943662,710,46
international_indices,2019,target_market/C=0.01,target_market,"[""target_volatility"", ""target_momentum""]",0.01,0,lr,0.15788509730890402,755,46
international_indices,2019,target_market/C=0.1,target_market,"[""target_volatility"", ""target_momentum""]",0.1,0,lr,0.43781042850801694,755,46
international_indices,2019,target_market/C=1.0,target_market,"[""target_volatility"", ""target_momentum""]",1.0,0,lr,0.4501097297547937,755,46
international_indices,2019,target_topology/C=0.01,target_topology,"[""h1_entropy_normalized"", ""h1_total_per_asset"", ""w2_per_sqrt_asset""]",0.01,0,lr,0.060927152317880796,755,46
international_indices,2019,target_topology/C=0.1,target_topology,"[""h1_entropy_normalized"", ""h1_total_per_asset"", ""w2_per_sqrt_asset""]",0.1,0,lr,0.060927152317880796,755,46
international_indices,2019,target_topology/C=1.0,target_topology,"[""h1_entropy_normalized"", ""h1_total_per_asset"", ""w2_per_sqrt_asset""]",1.0,0,lr,0.060927152317880796,755,46
international_indices,2019,target_combined/C=0.01,target_combined,"[""target_volatility"", ""target_momentum"", ""h1_entropy_normalized"", ""h1_total_per_asset"", ""w2_per_sqrt_asset""]",0.01,0,lr,0.15788509730890402,755,46
international_indices,2019,target_combined/C=0.1,target_combined,"[""target_volatility"", ""target_momentum"", ""h1_entropy_normalized"", ""h1_total_per_asset"", ""w2_per_sqrt_asset""]",0.1,0,lr,0.43781042850801694,755,46
international_indices,2019,target_combined/C=1.0,target_combined,"[""target_volatility"", ""target_momentum"", ""h1_entropy_normalized"", ""h1_total_per_asset"", ""w2_per_sqrt_asset""]",1.0,0,lr,0.4501097297547937,755,46
international_indices,2019,target_topology_xgb/C=2,target_topology_xgb,"[""h1_entropy_normalized"", ""h1_total_per_asset"", ""w2_per_sqrt_asset""]",2.0,0,xgb,0.060927152317880796,755,46
international_indices,2019,target_topology_xgb/C=3,target_topology_xgb,"[""h1_entropy_normalized"", ""h1_total_per_asset"", ""w2_per_sqrt_asset""]",3.0,0,xgb,0.060927152317880796,755,46
international_indices,2019,target_topology_xgb/C=4,target_topology_xgb,"[""h1_entropy_normalized"", ""h1_total_per_asset"", ""w2_per_sqrt_asset""]",4.0,0,xgb,0.060927152317880796,755,46
international_indices,2020,target_market/C=0.01,target_market,"[""target_volatility"", ""target_momentum""]",0.01,0,lr,0.10488488533986595,788,46
international_indices,2020,target_market/C=0.1,target_market,"[""target_volatility"", ""target_momentum""]",0.1,0,lr,0.42355935812765494,788,46
international_indices,2020,target_market/C=1.0,target_market,"[""target_volatility"", ""target_momentum""]",1.0,0,lr,0.44452264420825693,788,46
international_indices,2020,target_topology/C=0.01,target_topology,"[""h1_entropy_normalized"", ""h1_total_per_asset"", ""w2_per_sqrt_asset""]",0.01,0,lr,0.0583756345177665,788,46
international_indices,2020,target_topology/C=0.1,target_topology,"[""h1_entropy_normalized"", ""h1_total_per_asset"", ""w2_per_sqrt_asset""]",0.1,0,lr,0.0583756345177665,788,46
international_indices,2020,target_topology/C=1.0,target_topology,"[""h1_entropy_normalized"", ""h1_total_per_asset"", ""w2_per_sqrt_asset""]",1.0,0,lr,0.0583756345177665,788,46
international_indices,2020,target_combined/C=0.01,target_combined,"[""target_volatility"", ""target_momentum"", ""h1_entropy_normalized"", ""h1_total_per_asset"", ""w2_per_sqrt_asset""]",0.01,0,lr,0.10488488533986595,788,46
international_indices,2020,target_combined/C=0.1,target_combined,"[""target_volatility"", ""target_momentum"", ""h1_entropy_normalized"", ""h1_total_per_asset"", ""w2_per_sqrt_asset""]",0.1,0,lr,0.42355935812765494,788,46
international_indices,2020,target_combined/C=1.0,target_combined,"[""target_volatility"", ""target_momentum"", ""h1_entropy_normalized"", ""h1_total_per_asset"", ""w2_per_sqrt_asset""]",1.0,0,lr,0.44452264420825693,788,46
international_indices,2020,target_topology_xgb/C=2,target_topology_xgb,"[""h1_entropy_normalized"", ""h1_total_per_asset"", ""w2_per_sqrt_asset""]",2.0,0,xgb,0.0583756345177665,788,46
international_indices,2020,target_topology_xgb/C=3,target_topology_xgb,"[""h1_entropy_normalized"", ""h1_total_per_asset"", ""w2_per_sqrt_asset""]",3.0,0,xgb,0.0583756345177665,788,46
international_indices,2020,target_topology_xgb/C=4,target_topology_xgb,"[""h1_entropy_normalized"", ""h1_total_per_asset"", ""w2_per_sqrt_asset""]",4.0,0,xgb,0.0583756345177665,788,46
international_indices,2021,target_market/C=0.01,target_market,"[""target_volatility"", ""target_momentum""]",0.01,0,lr,0.11062959278912755,858,46
international_indices,2021,target_market/C=0.1,target_market,"[""target_volatility"", ""target_momentum""]",0.1,0,lr,0.4365422139459321,858,46
international_indices,2021,target_market/C=1.0,target_market,"[""target_volatility"", ""target_momentum""]",1.0,0,lr,0.45294060145775406,858,46
international_indices,2021,target_topology/C=0.01,target_topology,"[""h1_entropy_normalized"", ""h1_total_per_asset"", ""w2_per_sqrt_asset""]",0.01,0,lr,0.053613053613053616,858,46
international_indices,2021,target_topology/C=0.1,target_topology,"[""h1_entropy_normalized"", ""h1_total_per_asset"", ""w2_per_sqrt_asset""]",0.1,0,lr,0.053613053613053616,858,46
international_indices,2021,target_topology/C=1.0,target_topology,"[""h1_entropy_normalized"", ""h1_total_per_asset"", ""w2_per_sqrt_asset""]",1.0,0,lr,0.053613053613053616,858,46
international_indices,2021,target_combined/C=0.01,target_combined,"[""target_volatility"", ""target_momentum"", ""h1_entropy_normalized"", ""h1_total_per_asset"", ""w2_per_sqrt_asset""]",0.01,0,lr,0.11062959278912755,858,46
international_indices,2021,target_combined/C=0.1,target_combined,"[""target_volatility"", ""target_momentum"", ""h1_entropy_normalized"", ""h1_total_per_asset"", ""w2_per_sqrt_asset""]",0.1,0,lr,0.4365422139459321,858,46
international_indices,2021,target_combined/C=1.0,target_combined,"[""target_volatility"", ""target_momentum"", ""h1_entropy_normalized"", ""h1_total_per_asset"", ""w2_per_sqrt_asset""]",1.0,0,lr,0.45294060145775406,858,46
international_indices,2021,target_topology_xgb/C=2,target_topology_xgb,"[""h1_entropy_normalized"", ""h1_total_per_asset"", ""w2_per_sqrt_asset""]",2.0,0,xgb,0.053613053613053616,858,46
international_indices,2021,target_topology_xgb/C=3,target_topology_xgb,"[""h1_entropy_normalized"", ""h1_total_per_asset"", ""w2_per_sqrt_asset""]",3.0,0,xgb,0.053613053613053616,858,46
international_indices,2021,target_topology_xgb/C=4,target_topology_xgb,"[""h1_entropy_normalized"", ""h1_total_per_asset"", ""w2_per_sqrt_asset""]",4.0,0,xgb,0.053613053613053616,858,46
international_indices,2022,target_market/C=0.01,target_market,"[""target_volatility"", ""target_momentum""]",0.01,0,lr,0.14080857422642967,903,46
international_indices,2022,target_market/C=0.1,target_market,"[""target_volatility"", ""target_momentum""]",0.1,0,lr,0.4525353831891626,903,46
international_indices,2022,target_market/C=1.0,target_market,"[""target_volatility"", ""target_momentum""]",1.0,0,lr,0.46058639965590636,903,46
international_indices,2022,target_topology/C=0.01,target_topology,"[""h1_entropy_normalized"", ""h1_total_per_asset"", ""w2_per_sqrt_asset""]",0.01,0,lr,0.05094130675526024,903,46
international_indices,2022,target_topology/C=0.1,target_topology,"[""h1_entropy_normalized"", ""h1_total_per_asset"", ""w2_per_sqrt_asset""]",0.1,0,lr,0.05094130675526024,903,46
international_indices,2022,target_topology/C=1.0,target_topology,"[""h1_entropy_normalized"", ""h1_total_per_asset"", ""w2_per_sqrt_asset""]",1.0,0,lr,0.05094130675526024,903,46
international_indices,2022,target_combined/C=0.01,target_combined,"[""target_volatility"", ""target_momentum"", ""h1_entropy_normalized"", ""h1_total_per_asset"", ""w2_per_sqrt_asset""]",0.01,0,lr,0.14080857422642967,903,46
international_indices,2022,target_combined/C=0.1,target_combined,"[""target_volatility"", ""target_momentum"", ""h1_entropy_normalized"", ""h1_total_per_asset"", ""w2_per_sqrt_asset""]",0.1,0,lr,0.4525353831891626,903,46
international_indices,2022,target_combined/C=1.0,target_combined,"[""target_volatility"", ""target_momentum"", ""h1_entropy_normalized"", ""h1_total_per_asset"", ""w2_per_sqrt_asset""]",1.0,0,lr,0.46058639965590636,903,46
international_indices,2022,target_topology_xgb/C=2,target_topology_xgb,"[""h1_entropy_normalized"", ""h1_total_per_asset"", ""w2_per_sqrt_asset""]",2.0,0,xgb,0.05094130675526024,903,46
international_indices,2022,target_topology_xgb/C=3,target_topology_xgb,"[""h1_entropy_normalized"", ""h1_total_per_asset"", ""w2_per_sqrt_asset""]",3.0,0,xgb,0.05094130675526024,903,46
international_indices,2022,target_topology_xgb/C=4,target_topology_xgb,"[""h1_entropy_normalized"", ""h1_total_per_asset"", ""w2_per_sqrt_asset""]",4.0,0,xgb,0.05094130675526024,903,46
international_indices,2023,target_market/C=0.01,target_market,"[""target_volatility"", ""target_momentum""]",0.01,0,lr,0.14155340163089652,946,46
international_indices,2023,target_market/C=0.1,target_market,"[""target_volatility"", ""target_momentum""]",0.1,0,lr,0.4562567353404421,946,46
international_indices,2023,target_market/C=1.0,target_market,"[""target_volatility"", ""target_momentum""]",1.0,0,lr,0.4614909566935615,946,46
international_indices,2023,target_topology/C=0.01,target_topology,"[""h1_entropy_normalized"", ""h1_total_per_asset"", ""w2_per_sqrt_asset""]",0.01,0,lr,0.048625792811839326,946,46
international_indices,2023,target_topology/C=0.1,target_topology,"[""h1_entropy_normalized"", ""h1_total_per_asset"", ""w2_per_sqrt_asset""]",0.1,0,lr,0.048625792811839326,946,46
international_indices,2023,target_topology/C=1.0,target_topology,"[""h1_entropy_normalized"", ""h1_total_per_asset"", ""w2_per_sqrt_asset""]",1.0,0,lr,0.048625792811839326,946,46
international_indices,2023,target_combined/C=0.01,target_combined,"[""target_volatility"", ""target_momentum"", ""h1_entropy_normalized"", ""h1_total_per_asset"", ""w2_per_sqrt_asset""]",0.01,0,lr,0.14155340163089652,946,46
international_indices,2023,target_combined/C=0.1,target_combined,"[""target_volatility"", ""target_momentum"", ""h1_entropy_normalized"", ""h1_total_per_asset"", ""w2_per_sqrt_asset""]",0.1,0,lr,0.4562567353404421,946,46
international_indices,2023,target_combined/C=1.0,target_combined,"[""target_volatility"", ""target_momentum"", ""h1_entropy_normalized"", ""h1_total_per_asset"", ""w2_per_sqrt_asset""]",1.0,0,lr,0.4614909566935615,946,46
international_indices,2023,target_topology_xgb/C=2,target_topology_xgb,"[""h1_entropy_normalized"", ""h1_total_per_asset"", ""w2_per_sqrt_asset""]",2.0,0,xgb,0.048625792811839326,946,46
international_indices,2023,target_topology_xgb/C=3,target_topology_xgb,"[""h1_entropy_normalized"", ""h1_total_per_asset"", ""w2_per_sqrt_asset""]",3.0,0,xgb,0.048625792811839326,946,46
international_indices,2023,target_topology_xgb/C=4,target_topology_xgb,"[""h1_entropy_normalized"", ""h1_total_per_asset"", ""w2_per_sqrt_asset""]",4.0,0,xgb,0.048625792811839326,946,46
international_indices,2024,target_market/C=0.01,target_market,"[""target_volatility"", ""target_momentum""]",0.01,0,lr,0.11233275017629919,999,46
international_indices,2024,target_market/C=0.1,target_market,"[""target_volatility"", ""target_momentum""]",0.1,0,lr,0.2717021669259298,999,46
international_indices,2024,target_market/C=1.0,target_market,"[""target_volatility"", ""target_momentum""]",1.0,0,lr,0.3922393345471554,999,46
international_indices,2024,target_topology/C=0.01,target_topology,"[""h1_entropy_normalized"", ""h1_total_per_asset"", ""w2_per_sqrt_asset""]",0.01,0,lr,0.04604604604604605,999,46
international_indices,2024,target_topology/C=0.1,target_topology,"[""h1_entropy_normalized"", ""h1_total_per_asset"", ""w2_per_sqrt_asset""]",0.1,0,lr,0.04604604604604605,999,46
international_indices,2024,target_topology/C=1.0,target_topology,"[""h1_entropy_normalized"", ""h1_total_per_asset"", ""w2_per_sqrt_asset""]",1.0,0,lr,0.04604604604604605,999,46
international_indices,2024,target_combined/C=0.01,target_combined,"[""target_volatility"", ""target_momentum"", ""h1_entropy_normalized"", ""h1_total_per_asset"", ""w2_per_sqrt_asset""]",0.01,0,lr,0.11233275017629919,999,46
international_indices,2024,target_combined/C=0.1,target_combined,"[""target_volatility"", ""target_momentum"", ""h1_entropy_normalized"", ""h1_total_per_asset"", ""w2_per_sqrt_asset""]",0.1,0,lr,0.2717021669259298,999,46
international_indices,2024,target_combined/C=1.0,target_combined,"[""target_volatility"", ""target_momentum"", ""h1_entropy_normalized"", ""h1_total_per_asset"", ""w2_per_sqrt_asset""]",1.0,0,lr,0.3922393345471554,999,46
international_indices,2024,target_topology_xgb/C=2,target_topology_xgb,"[""h1_entropy_normalized"", ""h1_total_per_asset"", ""w2_per_sqrt_asset""]",2.0,0,xgb,0.04604604604604605,999,46
international_indices,2024,target_topology_xgb/C=3,target_topology_xgb,"[""h1_entropy_normalized"", ""h1_total_per_asset"", ""w2_per_sqrt_asset""]",3.0,0,xgb,0.04604604604604605,999,46
international_indices,2024,target_topology_xgb/C=4,target_topology_xgb,"[""h1_entropy_normalized"", ""h1_total_per_asset"", ""w2_per_sqrt_asset""]",4.0,0,xgb,0.04604604604604605,999,46
