symbol,status,rows
AABA,no_data,0
AAMRQ,no_data,0
ABC,recovered,4586
ABI,no_data,0
ABKFQ,no_data,0
ABMD,recovered,4586
ABS,no_data,0
ACAS,recovered,4278
ACKH,no_data,0
ACS,no_data,0
ADS,recovered,4220
AET,recovered,4586
AFS-A,no_data,0
AGC,no_data,0
AGN,recovered,4586
AKS,recovered,4586
AL,recovered,1745
ALTR,recovered,4026
ALXN,recovered,4586
AMCC,recovered,4294
ANDV,recovered,162
ANDW,no_data,0
ANRZQ,no_data,0
ANSS,recovered,4586
ANTM,recovered,4129
APC,recovered,4586
APCC,no_data,0
APOL,recovered,4298
ARC,recovered,3307
ARG,recovered,4122
ARNC,recovered,4586
ASN,no_data,0
AT,recovered,2091
ATGE,no_data,0
ATVI,recovered,4585
AV,no_data,0
AVB,recovered,4586
AVP,recovered,4360
AW,no_data,0
AWE,no_data,0
AYE,no_data,0
AZA-A,no_data,0
BBBY,recovered,4423
BCR,recovered,4526
BDK,no_data,0
BFO,no_data,0
BGEN,no_data,0
BGG,recovered,4586
BHGE,recovered,181
BHMSQ,no_data,0
BIG,recovered,4586
BJS,no_data,0
BK,recovered,4586
BLL,recovered,4586
BLS,no_data,0
BMC,no_data,0
BMET,no_data,0
BNI,no_data,0
BOL,no_data,0
BRCM,recovered,4044
BRL,no_data,0
BSC,no_data,0
BTUUQ,no_data,0
BVSN,no_data,0
BXLT,recovered,233
CA,recovered,4586
CAM,recovered,4087
CBE,no_data,0
CBH,no_data,0
CBS,recovered,3097
CBSS,no_data,0
CCE,recovered,4586
CCTYQ,no_data,0
CDAY,no_data,0
CELG,recovered,4585
CEN,no_data,0
CEPH,no_data,0
CERN,recovered,4586
CFC,no_data,0
CFN,recovered,1400
CGP,no_data,0
CHA,no_data,0
CHIR,no_data,0
CHK,recovered,4579
CIN,no_data,0
CIT-A,no_data,0
CITGQ,no_data,0
CMA,recovered,4586
CMCSK,recovered,4012
CMVT,no_data,0
CMX,no_data,0
CNG,no_data,0
CNXT,no_data,0
COC-B,no_data,0
COG,recovered,4586
COL,recovered,4220
COV,recovered,1918
CPGX,recovered,252
CPNLQ,no_data,0
CPQ,no_data,0
CSRA,recovered,584
CTB,recovered,4586
CTL,recovered,4586
CTLT,no_data,0
CTRA,no_data,0
CTX,no_data,0
CTXS,recovered,4586
CVC,recovered,4142
CVG,recovered,4586
CVH,no_data,0
CXO,recovered,2680
DALRQ,no_data,0
DAY,no_data,0
DCNAQ,no_data,0
DDR,recovered,4586
DF,recovered,4586
DFS,recovered,2715
DISCA,recovered,3201
DISCK,recovered,2396
DISH,recovered,4586
DJ,no_data,0
DNB,recovered,4360
DNR,recovered,4586
DO,recovered,4586
DPHIQ,no_data,0
DRE,recovered,4586
DTV,recovered,3084
DWDP,recovered,141
EA,recovered,4586
EDS,no_data,0
EFU,no_data,0
EKDKQ,no_data,0
EMC,recovered,4196
ENDP,recovered,4450
ENRNQ,no_data,0
EOP,no_data,0
EQR,recovered,4586
ESRX,recovered,4586
ESV,recovered,4360
ETFC,recovered,4586
ETS,no_data,0
EVHC,recovered,1162
FB,recovered,1472
FBF,no_data,0
FBHS,recovered,1641
FDC,no_data,0
FDO,recovered,3900
FI,no_data,0
FII,recovered,4586
FJ,no_data,0
FL,recovered,4586
FLIR,recovered,4586
FLT,recovered,1831
FLTWQ,no_data,0
FPC,no_data,0
FRC,recovered,1836
FRX,recovered,3645
FSH,no_data,0
FSL,recovered,1141
FTR,recovered,4360
FWLT,no_data,0
GAPTQ,no_data,0
GAS,recovered,4150
GDT,no_data,0
GDW,no_data,0
GGP,recovered,4586
GLK,no_data,0
GMCR,recovered,4066
GPS,recovered,4586
GPU,no_data,0
GR,no_data,0
GRA,recovered,4586
GTW,no_data,0
GX,no_data,0
HAR,recovered,4324
HBI,recovered,2908
HCBK,recovered,3983
HCP,recovered,4586
HCR,no_data,0
HES,recovered,4586
HET,no_data,0
HFC,recovered,4586
HI,recovered,2517
HM,no_data,0
HMA,no_data,0
HNZ,no_data,0
HOLX,recovered,4586
HOT,recovered,4208
HPC,no_data,0
HRS,recovered,4586
HSH,recovered,3685
HSP,recovered,2855
IAC,no_data,0
IGT,recovered,4586
IKN,no_data,0
IMNX,no_data,0
INCLF,no_data,0
INFO,recovered,205
IPG,recovered,4586
JAVA,no_data,0
JCP,recovered,4586
JEC,recovered,4586
JHF,no_data,0
JNPR,recovered,4586
JNS,recovered,4257
JNY,recovered,3588
JOS,no_data,0
JOY,recovered,3990
JP,no_data,0
JWN,recovered,4586
K,recovered,4586
KATE,no_data,0
KM,no_data,0
KMG,recovered,4586
KORS,recovered,1578
KRB,no_data,0
KRFT,recovered,702
KRI,no_data,0
KSE,no_data,0
KSU,recovered,4586
LDG,no_data,0
LEG,recovered,4586
LEHMQ,no_data,0
LIFE,recovered,501
LLL,recovered,4586
LLTC,recovered,4324
LM,recovered,4586
LO,recovered,1764
LSI,recovered,4360
LVLT,recovered,4487
LXK,recovered,4254
MAY,no_data,0
MDP,recovered,4586
MDR,recovered,4586
MEA,no_data,0
MEDI,no_data,0
MEE,no_data,0
MEL,no_data,0
MER,no_data,0
MERQ,no_data,0
MFE,no_data,0
MHS,no_data,0
MIL,recovered,4054
MJN,recovered,2100
MKG,no_data,0
MMC,recovered,4586
MNK,recovered,1203
MOLX,no_data,0
MON,recovered,4385
MRO,recovered,4586
MTLQQ,no_data,0
MWV,recovered,3898
MWW,recovered,4235
MXIM,recovered,4586
MYG,no_data,0
MYL,recovered,4586
MZIAQ,no_data,0
NAV,recovered,4586
NBL,recovered,4586
NCC,no_data,0
NCE,no_data,0
NCR,recovered,4586
NFB,no_data,0
NFX,recovered,4586
NGH,no_data,0
NLOK,no_data,0
NLSN,recovered,1802
NLV,no_data,0
NMK,no_data,0
NOVL,no_data,0
NRTLQ,no_data,0
NSI,no_data,0
NSM,recovered,1522
NVLS,no_data,0
NXTL,no_data,0
NYX,no_data,0
OAT,no_data,0
ODP,recovered,4586
OK,no_data,0
OMX,no_data,0
ONE,recovered,1545
OWENQ,no_data,0
PALM,no_data,0
PBCT,recovered,4586
PBG,no_data,0
PBY,recovered,4047
PCH,recovered,4586
PCL,recovered,4058
PCP,recovered,4044
PCS,no_data,0
PDCO,recovered,4579
PDG,no_data,0
PEAK,no_data,0
PETM,recovered,3820
PGL,no_data,0
PGN,no_data,0
PHA,no_data,0
PKI,recovered,4586
PLL,recovered,3939
PMCS,recovered,4034
PNU,no_data,0
POM,recovered,4081
PRD,no_data,0
PSFT,no_data,0
PTV,no_data,0
PVN,no_data,0
PWER,no_data,0
PWJ,no_data,0
PX,recovered,4586
PXD,recovered,4586
Q,recovered,1139
QEP,recovered,1732
QLGC,recovered,4182
QTRN,no_data,0
RAD,recovered,4586
RAI,recovered,4417
RAL,no_data,0
RATL,no_data,0
RBK,no_data,0
RDC,recovered,4360
RDS-A,no_data,0
RE,recovered,4586
RHT,recovered,4586
RLM,no_data,0
RML,no_data,0
ROH,no_data,0
RRD,recovered,4586
RSHCQ,no_data,0
RTN,recovered,4586
RX,no_data,0
SAF,no_data,0
SAPE,recovered,3797
SBL,no_data,0
SCG,recovered,4586
SDS,no_data,0
SEBL,no_data,0
SEE,recovered,4586
SFA,no_data,0
SGID,no_data,0
SGP,no_data,0
SHLD,recovered,3752
SIAL,recovered,3996
SIVB,recovered,4586
SLR,no_data,0
SMI,no_data,0
SMS,no_data,0
SNDK,recovered,4115
SNI,recovered,2449
SNV,recovered,4586
SOTR,no_data,0
SOV,no_data,0
SPLS,recovered,4452
SRCL,recovered,4586
STJ,recovered,4279
STR,recovered,4204
SUB,no_data,0
SUNEQ,no_data,0
SVU,recovered,4586
SWN,recovered,4360
SWY,recovered,3792
SXCL,no_data,0
SYMC,recovered,4586
TEG,recovered,3896
TEK,no_data,0
TGNA,recovered,4386
TIE,no_data,0
TIF,recovered,4586
TIN,no_data,0
TLAB,no_data,0
TMC-A,no_data,0
TMK,recovered,4586
TNB,no_data,0
TOS,no_data,0
TOY,no_data,0
TRB,no_data,0
TRW,recovered,2841
TSG,no_data,0
TSS,recovered,4586
TUP,recovered,4586
TWC,recovered,2355
TWTR,recovered,1102
TWX,recovered,4586
TXU,no_data,0
UAWGQ,no_data,0
UCM,no_data,0
UMG,no_data,0
UN,no_data,0
UPR,no_data,0
UST,no_data,0
USW,no_data,0
UTX,recovered,4586
UVN,no_data,0
VAR,recovered,4586
VIAB,recovered,3097
VIAC,no_data,0
VO,no_data,0
VSTNQ,no_data,0
VTSS,recovered,3852
WAMUQ,no_data,0
WBA,recovered,4586
WCG,recovered,3458
WCOEQ,no_data,0
WFM,recovered,4442
WFT,no_data,0
WIN,recovered,3078
WLA,no_data,0
WLL,recovered,3610
WLP,recovered,51
WLTW,recovered,560
WNDXQ,no_data,0
WPX,recovered,1581
WRK,recovered,694
WWY,no_data,0
WYE,no_data,0
WYND,no_data,0
X,recovered,4586
XEC,recovered,3902
XL,recovered,4586
XLNX,recovered,4586
XTO,no_data,0
YNR,no_data,0
